feature_1,feature_2,feature_3,feature_4,feature_5
-1.051712964753032331e+00,8.387298042009838639e-01,-8.511599156025755342e-01,1.000001674933995943e+00,-8.511599156025755342e-01
1.258162702668056188e+00,-2.007668148766366123e+00,-6.552179549391621283e-01,-6.456001118182876919e-01,-6.552179549391621283e-01
-7.967141718208294865e-01,-1.015372388975625872e+00,-1.947740152319197726e+00,-3.810807349670882749e-01,-1.947740152319197726e+00
-1.100857731480533452e+00,1.090001082668473398e+00,-8.769517823518735433e-01,1.409601753195976581e+00,-8.769517823518735433e-01
6.728422541289700298e-01,1.302779579039789359e+00,3.540440771264436570e+00,-1.550913382339570212e+00,3.540440771264436570e+00
5.739062744723636422e-01,6.640563885467534178e-01,2.771677639709713148e+00,-1.779222931408748654e+00,2.771677639709713148e+00
-9.348047924720561674e-01,-8.016564122674972870e-01,-1.475013344258178094e+00,-8.880537923822727775e-01,-1.475013344258178094e+00
6.320302338043508605e-01,-8.808685424424742560e-01,7.344630178519726549e-01,-1.595556462715868484e+00,7.344630178519726549e-01
-1.365707890494064047e+00,1.475633310217277838e+00,1.226043921444520901e+00,-1.295468094281439830e+00,1.226043921444520901e+00
9.782832316558820462e-01,-1.649605859804260888e+00,-1.773566756968925073e-01,-1.130590691435313655e+00,-1.773566756968925073e-01
-1.336100056736417852e+00,-2.412723490463183906e-01,-1.331807240115471691e+00,-7.335446513511674205e-01,-1.331807240115471691e+00
-1.801262419201153708e+00,2.053748674189460388e+00,-8.511234529724986952e-02,8.884024781073561750e-01,-8.511234529724986952e-02
8.805300031385763226e-01,-8.225397197648841308e-02,1.800027078897373123e+00,-1.253943667998212330e+00,1.800027078897373123e+00
-2.454757559692863911e-01,1.530003300514339859e+00,1.870234381977605498e+00,-2.803205151557415231e-01,1.870234381977605498e+00
-9.332913771898146971e-01,-3.485090541055665403e-01,-1.423798144944526944e+00,-1.403699098340853713e-01,-1.423798144944526944e+00
7.382726368690075702e-01,-5.870953211684658557e-01,1.059169776987403999e+00,-1.350748911421837839e+00,1.059169776987403999e+00
-1.481623515779304512e+00,-6.949176978747952926e-01,-2.489148592904823154e+00,-1.553312969847259195e-01,-2.489148592904823154e+00
-1.441583528321709551e+00,1.626442968698841529e+00,1.694512181138476237e+00,-1.808478002524680939e+00,1.694512181138476237e+00
-1.072585932272953180e+00,1.577094122453573111e-01,4.105517070276745173e-01,-2.043908228751062595e+00,4.105517070276745173e-01
-1.132031174374145355e+00,6.877719402765269940e-01,8.076133652689343467e-01,-1.745110818865833746e+00,8.076133652689343467e-01
-1.031712489595692839e+00,1.783933162628193347e+00,1.690899713794833836e+00,-8.509663566892649023e-01,1.690899713794833836e+00
5.337536973772887272e-01,8.544268622798093515e-01,2.926473616641754205e+00,-1.719781381686099841e+00,2.926473616641754205e+00
-1.565169973206490761e+00,2.775120917479452776e-01,5.315725096686891860e-01,-2.801772912292359585e+00,5.315725096686891860e-01
-7.083993117407751949e-01,9.360041775923849672e-02,-1.534991390775202191e+00,1.180897953902904085e+00,-1.534991390775202191e+00
-1.071443257269647065e+00,4.144478880716651048e-01,-1.213626893551603692e+00,7.141088615010477980e-01,-1.213626893551603692e+00
-1.569888643270999529e+00,1.587766166483562502e+00,-5.657098551239652107e-01,1.103470415125502369e+00,-5.657098551239652107e-01
4.820597859505988403e-01,3.346102965960127684e-01,2.239290294664613601e+00,-1.771717422561952304e+00,2.239290294664613601e+00
-1.370417817312461484e-01,-3.684883434864744817e-02,1.035692846070213946e+00,-1.752086480475383734e+00,1.035692846070213946e+00
9.814101686535816604e-01,-5.630870687050906070e-02,1.752186624674113125e+00,-9.751134505260257157e-01,1.752186624674113125e+00
-1.506526880367316412e+00,1.483105188096279781e+00,1.887459426259526118e+00,-2.445359352834661326e+00,1.887459426259526118e+00
-3.915439110951153268e-01,-3.235595040806742428e-01,-1.591536380081186586e+00,1.024755660813573055e+00,-1.591536380081186586e+00
1.193045039827128617e+00,-2.304959997647456849e+00,-8.614018627894128866e-01,-9.970302493545276645e-01,-8.614018627894128866e-01
-1.709284977813823714e+00,2.612939631937060692e-01,-1.687466506210187678e+00,6.677431376399156626e-02,-1.687466506210187678e+00
-5.283212244379668077e-01,-9.285918763458129721e-01,-9.392939680829551774e-01,-1.210610877329289847e+00,-9.392939680829551774e-01
-4.871208869328147451e-01,2.018563690056465465e-01,-8.305689643512148557e-02,-3.128129048570037485e-01,-8.305689643512148557e-02
-1.600694987641858358e+00,-7.266170590767226933e-01,-2.677922936131420073e+00,-1.401562356305832147e-01,-2.677922936131420073e+00
1.679076453352758236e+00,-3.141777845445564932e+00,-2.036013549277944090e+00,-5.597999368758965755e-02,-2.036013549277944090e+00
5.701050360720814059e-01,-1.994765412633206614e+00,-6.333556264374513578e-01,-1.775047860837830616e+00,-6.333556264374513578e-01
-1.146709296213972218e+00,8.632614476272593151e-01,-1.134815646191950300e+00,1.289827790670579066e+00,-1.134815646191950300e+00
3.853658797407699677e-01,1.715272065824710257e+00,1.754628319119128754e+00,1.245703006807359792e+00,1.754628319119128754e+00
7.401570293573489501e-02,-5.517875763924869892e-01,-3.742612710478923077e-01,-3.464236748928981591e-01,-3.742612710478923077e-01
1.053096398115501708e+00,8.471300111441681935e-01,2.847471335918311031e+00,-7.746369085213173911e-01,2.847471335918311031e+00
-1.867925073051407647e+00,1.049518831521064399e+00,-6.595312089566460756e-01,-2.210649485292014438e-01,-6.595312089566460756e-01
-1.488741255336936353e+00,2.147304431547534254e+00,1.360373133471098450e+00,-4.739553577019783859e-01,1.360373133471098450e+00
-1.066887282902262424e+00,-9.951324530549685576e-01,-2.501520032842892149e+00,-3.264302826873843877e-03,-2.501520032842892149e+00
-1.645449464710531995e+00,-3.216896705465494000e-02,-1.856711807381913992e+00,-1.196421368307016841e-01,-1.856711807381913992e+00
1.045549112200320874e+00,1.684518848753053133e+00,1.995487716299365166e+00,1.926594464487393576e+00,1.995487716299365166e+00
-1.187977023872343718e+00,6.199246411854862915e-01,3.753589011233817718e-01,-1.348486330476658779e+00,3.753589011233817718e-01
1.064662549901518318e+00,2.281696616902891550e-01,2.199734267844601909e+00,-9.579829453606371059e-01,2.199734267844601909e+00
7.415074342195355772e-01,-7.230469139740166584e-01,8.428563988772002080e-01,-1.285358497974001812e+00,8.428563988772002080e-01
-7.535343991519607432e-01,1.155504042420487099e-01,-1.120353107493354150e+00,5.615305115922594181e-01,-1.120353107493354150e+00
-1.449405443803700511e+00,-1.965809967636768518e-01,-1.014424102071436185e+00,-1.285732182498829257e+00,-1.014424102071436185e+00
9.733159586467916569e-01,-7.391959085466605073e-01,8.773230971232741648e-01,-9.851939998313709035e-01,8.773230971232741648e-01
-1.507199839888495152e+00,1.775913253167586303e+00,-5.369833911608216104e-01,1.504562759423248686e+00,-5.369833911608216104e-01
2.085840944872232594e-01,-4.193752661402437854e-01,-1.311062295084246543e-01,-2.314090020868037056e-01,-1.311062295084246543e-01
-1.861104311925695365e+00,4.053718808916934035e-01,-1.316589643840728741e+00,-4.444275658254026595e-01,-1.316589643840728741e+00
9.473937978859993114e-01,9.942147751054447591e-02,2.062966332096417332e+00,-1.188375137028089501e+00,2.062966332096417332e+00
1.364343672596371793e+00,-3.976846332048300514e-01,1.446229752978859473e+00,-5.346822912990019105e-01,1.446229752978859473e+00
1.058542585778654566e-01,-7.499964230162891043e-01,6.661846327336522489e-01,-2.120973919872786606e+00,6.661846327336522489e-01
9.731348104444476066e-01,2.184658154566889443e-01,2.069742684519131792e+00,-9.412045195884695126e-01,2.069742684519131792e+00
-1.253222424982749494e+00,9.797165225798215582e-01,-5.760194558537992116e-01,5.373626606143783180e-01,-5.760194558537992116e-01
-1.168375558819926274e+00,1.245867597517183123e+00,-1.012873984762487245e+00,1.772604992092936094e+00,-1.012873984762487245e+00
-8.609575721526299130e-01,2.351814887273003807e-01,-1.339180302397905864e+00,9.111400805843680173e-01,-1.339180302397905864e+00
9.707423253194322754e-01,-1.732010923939325764e+00,-3.760591890272508842e-01,-1.011029368374630533e+00,-3.760591890272508842e-01
7.509004161924370813e-02,9.390238616352167278e-02,-6.673680147678817676e-02,3.860585011472177364e-01,-6.673680147678817676e-02
8.093775188495418993e-01,-9.213066986531296410e-01,4.810775104329598761e-01,-1.021627258211966094e+00,4.810775104329598761e-01
-2.255429334075211845e-01,8.465230536153451890e-01,2.431607544889923256e-01,8.161772625115006896e-01,2.431607544889923256e-01
-1.943404352878207231e+00,2.280953081348835898e+00,-6.023668398011315928e-01,1.796788382454893140e+00,-6.023668398011315928e-01
-4.679878953292864185e-01,6.754922010432838908e-01,-1.533569255268349307e+00,2.620662715294826750e+00,-1.533569255268349307e+00
-2.460266579866484449e+00,2.193640942686422957e+00,1.441058599373402416e+00,-2.088317345045176410e+00,1.441058599373402416e+00
-5.107420958801687227e-01,-3.648012522738335872e-01,-1.124872547693370528e+00,9.717800518374564156e-02,-1.124872547693370528e+00
-1.456379960223137093e+00,1.720334502455401482e-01,-2.944186458873455647e-01,-1.648573882236486599e+00,-2.944186458873455647e-01
9.206046634810762797e-01,-4.687086973538547308e-01,1.225813306135129954e+00,-1.075143503139652346e+00,1.225813306135129954e+00
-7.321451470880084855e-01,-9.454556688219193372e-01,-1.417508950978145998e+00,-8.982329568165470235e-01,-1.417508950978145998e+00
1.038828904232916406e+00,-1.330991868417625401e+00,1.908621357512352290e-01,-9.769046193386808907e-01,1.908621357512352290e-01
-1.621461011249334394e-01,1.437153234652625011e-01,3.968382329403231656e-01,-5.653451641724530630e-01,3.968382329403231656e-01
-8.137555760799750626e-01,-1.160241080057421437e+00,-2.280420930231207066e+00,-2.005529480697287870e-01,-2.280420930231207066e+00
-1.376462625299616827e+00,1.657391487199213698e+00,-4.037765116509346441e-01,1.315844025645854787e+00,-4.037765116509346441e-01
-1.554649408428942614e+00,8.564067706534820301e-01,5.151267526122216278e-01,-1.717021067459415296e+00,5.151267526122216278e-01
2.519609778766702668e-01,-2.025210662663930794e+00,-2.115635551659927671e+00,-2.560552502640194295e-01,-2.115635551659927671e+00
1.222750051303615137e+00,1.251744432047155575e+00,1.587194730412133659e+00,2.011167808801096246e+00,1.587194730412133659e+00
-1.404938941399328067e+00,1.259889459449521354e-01,-9.004983731857930662e-01,-7.921214565038807720e-01,-9.004983731857930662e-01
-1.000143460423142061e+00,2.372810525704975027e-01,-8.108990809063697514e-01,-5.782505324177988904e-02,-8.108990809063697514e-01
-1.165748840888651161e+00,9.419242768243868413e-01,-7.412169659669012312e-01,8.450269689301254106e-01,-7.412169659669012312e-01
1.457985742731808143e+00,-7.840315134738746750e-01,9.029164792018353758e-01,-3.119717699608011152e-01,9.029164792018353758e-01
-9.964608272724372329e-01,1.289270892141970437e+00,1.500134057942771104e+00,-1.416588775459135086e+00,1.500134057942771104e+00
-5.735587597336766486e-01,5.006910434375131391e-01,-1.890548449319544133e+00,2.637148314163996865e+00,-1.890548449319544133e+00
-1.608253598373353022e+00,1.491710317813179643e+00,-4.562875336528013914e-01,7.131438815707985546e-01,-4.562875336528013914e-01
9.568257197337086684e-01,-8.044415429974489662e-01,9.122303744921911317e-01,-1.179071399786602914e+00,9.122303744921911317e-01
-1.460924163672602694e+00,8.543630033501643517e-01,9.148415997971781621e-01,-2.132198681556234821e+00,9.148415997971781621e-01
-5.694718800113423018e-01,-2.789814869100728512e-01,-1.852353379054069826e+00,1.183286230717526033e+00,-1.852353379054069826e+00
1.139689752562289993e+00,-1.255484381461994037e+00,1.785151848504880068e-01,-6.587997872490696238e-01,1.785151848504880068e-01
-1.087508239558157230e+00,7.132411356200618613e-01,9.652732591320295485e-01,-1.849148635090752002e+00,9.652732591320295485e-01
-5.908223346329075643e-01,-5.365353196814064418e-01,-2.564980543931633106e-01,-1.569164048036335135e+00,-2.564980543931633106e-01
-1.486870360211764108e+00,-1.039733267956600808e-02,-1.010547688200143623e+00,-1.016397513814220721e+00,-1.010547688200143623e+00
4.463846164656399829e-01,-2.383901386169041681e-01,1.540414471339175861e+00,-1.876976852070975088e+00,1.540414471339175861e+00
-2.520844874766259291e-01,-8.307591783721189893e-01,-1.796013972848407025e+00,6.257808925865229188e-01,-1.796013972848407025e+00
8.767031923278078009e-01,3.637803076298977145e-01,2.224639452814557217e+00,-1.054952077025475665e+00,2.224639452814557217e+00
6.459555361230195913e-02,-1.125865392453124114e+00,-7.888221144014151420e-02,-1.814482102660541329e+00,-7.888221144014151420e-02
9.261807528464071071e-01,-3.070112985505393244e-01,1.452185943679934699e+00,-1.093921525960085184e+00,1.452185943679934699e+00
-1.796697732459757280e+00,2.498046439474609581e+00,-6.159905706971267048e-01,2.446880398199833273e+00,-6.159905706971267048e-01
-1.012115375515711069e+00,-6.932076132484150666e-01,-1.318633415098344530e+00,-1.039228057751362622e+00,-1.318633415098344530e+00
-9.363697973387568041e-01,5.956304272293466706e-01,-1.430304005540691037e+00,1.567112331204109532e+00,-1.430304005540691037e+00
-1.474372135488807301e-01,1.127818712087816477e+00,7.208994966414929984e-01,7.765513390057907639e-01,7.208994966414929984e-01
-6.998401120409529774e-01,-2.184556116448804486e-01,-1.242087002981624666e+00,2.183601131684510532e-01,-1.242087002981624666e+00
-6.056292385281385471e-01,-2.855539252222431545e-01,4.934760409347572763e-01,-2.199306340972760232e+00,4.934760409347572763e-01
6.108812945076904644e-01,-1.767852190886438080e-01,-1.364657725538152011e-01,8.697483313333029820e-01,-1.364657725538152011e-01
-1.486808938315650641e+00,8.525711479472325438e-01,4.913291560053455465e-01,-1.579731867251624511e+00,4.913291560053455465e-01
-7.140607427938134855e-01,-3.305386769651936785e-01,-8.713901681622313600e-01,-5.303749480708839226e-01,-8.713901681622313600e-01
8.216829231160215352e-01,-1.503405525336427351e+00,-2.763020393194781654e-02,-1.333544360234471871e+00,-2.763020393194781654e-02
-1.470177819409250963e+00,1.883467339113370054e+00,1.579416147136662119e+00,-1.228914441520195577e+00,1.579416147136662119e+00
-4.340585743470184443e-01,-1.106236290437469849e+00,-1.011415898266289748e+00,-1.275585384296775926e+00,-1.011415898266289748e+00
9.483477214075675121e-01,3.314469978860747346e-01,2.313190395760480023e+00,-1.121483747207805859e+00,2.313190395760480023e+00
7.819522839053598684e-01,-1.346952027579349176e+00,1.270318665711052120e-01,-1.334415231049494999e+00,1.270318665711052120e-01
8.744635217785086123e-01,-3.503643741815661850e-01,1.396516453358681353e+00,-1.177865464610846402e+00,1.396516453358681353e+00
8.885759651880450471e-01,-1.657199616719781110e+00,-2.162715609104008951e-01,-1.235616968155158091e+00,-2.162715609104008951e-01
-8.151527552685222666e-01,1.494069133323636667e-01,-1.250976726180380139e+00,7.065547224234369761e-01,-1.250976726180380139e+00
-1.758787278086005657e+00,2.532586789376660708e+00,1.507011762585741099e+00,-4.261935595525184750e-01,1.507011762585741099e+00
1.281343222547299820e+00,-2.807332658699920103e+00,-1.744120664465610648e+00,-5.131902712290050683e-01,-1.744120664465610648e+00
1.211861264757583934e+00,-5.773659394747796547e-01,1.030991415976356906e+00,-5.212402816679376771e-01,1.030991415976356906e+00
-3.822503628934392772e-02,-7.100774473928491703e-01,-2.090613544292284409e+00,1.608102707583671576e+00,-2.090613544292284409e+00
-5.308357253830930933e-01,-2.063306419456053739e-02,-1.311265338995659668e+00,9.484722802565840327e-01,-1.311265338995659668e+00
-1.326036544448086385e+00,-2.285416583462256679e-01,-1.079763710628599327e+00,-1.049997547046752633e+00,-1.079763710628599327e+00
-4.708746469685979319e-01,1.865200537412007586e-01,-1.643221322560039610e+00,1.888608008079017075e+00,-1.643221322560039610e+00
-1.565927543926708854e+00,1.592538069868584039e+00,-7.754358405577588265e-02,4.293572745022828929e-01,-7.754358405577588265e-02
1.356205431328530553e+00,-2.446578305168082501e+00,-1.251260004078871724e+00,-4.361024091691471094e-01,-1.251260004078871724e+00
-1.850553556560297519e+00,2.201763646015339138e+00,-7.533910298029895536e-01,2.018526135746316008e+00,-7.533910298029895536e-01
9.434730378986426746e-01,-5.559113783892544181e-01,1.120759676819252926e+00,-1.046867045733369972e+00,1.120759676819252926e+00
-7.441879538122412319e-01,-1.051720693890817043e-01,-7.596652323982703292e-01,-3.306443740605364834e-01,-7.596652323982703292e-01
8.671781839260725988e-01,1.115429262339496352e+00,3.281295700447778074e+00,-1.206196815201201034e+00,3.281295700447778074e+00
-9.726059722196481738e-01,7.127896974481179315e-02,2.390484054334662822e-02,-1.490963981695087481e+00,2.390484054334662822e-02
-1.759274709294162964e+00,2.514633198911961021e+00,-3.926315481717348455e-01,2.222489261841555930e+00,-3.926315481717348455e-01
3.511048086308228289e-01,7.949880318527030587e-01,3.006472238131281838e+00,-2.237759084390620767e+00,3.006472238131281838e+00
-4.382152201888986909e-01,1.576635700689291042e+00,1.412200627497965044e+00,1.361921225149456127e-01,1.412200627497965044e+00
1.021534580749925647e+00,-8.327163336448487607e-01,1.017711483775430192e+00,-1.273491125090720821e+00,1.017711483775430192e+00
-1.371619790741066103e+00,-4.224758992282031667e-01,-2.315081807756776300e+00,2.697947347793918649e-01,-2.315081807756776300e+00
-1.512618343536047849e+00,8.893144996598429941e-01,7.240523870363271275e-01,-1.884077651784056506e+00,7.240523870363271275e-01
-7.017201645331803128e-01,2.085415964232891106e+00,1.684983902891652008e+00,2.393330966050226660e-01,1.684983902891652008e+00
-1.035110201299612953e+00,9.392910601321516895e-01,-8.470294393456505588e-01,1.202662761281686699e+00,-8.470294393456505588e-01
1.470467847418313712e+00,-5.207407641631072170e-01,1.307503628680882768e+00,-3.878043772893653429e-01,1.307503628680882768e+00
-8.040945436964010984e-01,8.769616098436342488e-01,-1.213996063307092088e+00,1.984953842856563622e+00,-1.213996063307092088e+00
2.030783484080440182e+00,-2.842408562375833281e+00,-1.772066246456902139e+00,6.849259588184315461e-01,-1.772066246456902139e+00
-7.950782840405219432e-01,-1.680190761659484444e+00,-2.778242273140205221e+00,-4.053270227079952548e-01,-2.778242273140205221e+00
-6.975182715459111726e-01,8.979632054395602081e-01,1.085576203382402571e+00,-1.049864293278867766e+00,1.085576203382402571e+00
8.545706706072554448e-01,2.074655678795424008e-01,2.092606378086121932e+00,-1.186644245384376628e+00,2.092606378086121932e+00
-1.384747150862847942e+00,1.365758221861477439e+00,-1.184886354890404059e+00,1.878953156202547214e+00,-1.184886354890404059e+00
-1.844092536273360228e+00,5.152318937799595933e-01,-7.398316766997217186e-01,-1.032744514839910588e+00,-7.398316766997217186e-01
3.630929531114024389e-01,-1.336572522267855279e+00,-2.146052252115453030e+00,1.210452364123529634e+00,-2.146052252115453030e+00
4.127493756498151756e-01,-4.137884756871274550e-01,1.333521841583164003e+00,-1.956167733690467037e+00,1.333521841583164003e+00
1.153083281366428015e+00,-1.566767272600730676e+00,-1.035247931552949474e-01,-8.003689018323087989e-01,-1.035247931552949474e-01
-2.170265944224351706e+00,1.282573380043793287e-01,-2.423039869024033788e+00,1.136092852704750911e-01,-2.423039869024033788e+00
9.650971149420173312e-01,-5.622850509687260523e-01,1.137602091786702685e+00,-1.046885923336005053e+00,1.137602091786702685e+00
-8.783354577681312669e-01,-2.470920950334198340e-01,-6.084117022747159709e-01,-1.018941487006048474e+00,-6.084117022747159709e-01
-9.974494411766223756e-01,-1.217801856908831137e+00,-2.125378268500968559e+00,-8.227915174098007212e-01,-2.125378268500968559e+00
-4.481897609057963194e-01,-1.159107364511528182e+00,-1.217923939831698998e+00,-1.102467599401811826e+00,-1.217923939831698998e+00
-1.385358583796142407e+00,-2.537388945621836256e-01,-9.737884633021176572e-01,-1.341791968446528260e+00,-9.737884633021176572e-01
1.068724918413036740e+00,-3.150857319162509995e+00,-2.178741878642415308e+00,-8.660229631269831252e-01,-2.178741878642415308e+00
-1.147999550022490212e+00,1.042052164632535360e+00,8.632166093354775027e-01,-1.210491127543171341e+00,8.632166093354775027e-01
-1.856404847355249910e+00,7.092620151135076156e-01,4.388986085757584643e-01,-2.366871862254043002e+00,4.388986085757584643e-01
-1.362652423087465925e-01,-4.318329518423175695e-01,-1.170386653510231190e+00,6.510772877741581866e-01,-1.170386653510231190e+00
-1.958868450746361622e-01,-1.435985406304006284e+00,-9.887352047545495681e-01,-1.514170874386899124e+00,-9.887352047545495681e-01
1.685413480012185161e+00,-1.839489912694769469e+00,-5.683612657698025039e-01,2.318089732651364976e-01,-5.683612657698025039e-01
1.727745209043009433e+00,-1.665207441720518711e+00,-2.404417213996701275e-01,1.523034505164218011e-01,-2.404417213996701275e-01
-2.010774778748424030e+00,1.168096028159159916e+00,-1.281095232383833160e-01,-9.903008302664784157e-01,-1.281095232383833160e-01
1.080468416978834778e+00,-5.084470234260847210e-01,1.257597893500844943e+00,-9.310540010062733352e-01,1.257597893500844943e+00
-8.373487750828135789e-01,1.249460372191601110e+00,6.080508912636241048e-01,3.043757057696705459e-02,6.080508912636241048e-01
-1.308349028722132878e+00,-4.746338963376252607e-01,-2.055414035133553252e+00,-8.773409646938656881e-02,-2.055414035133553252e+00
-3.440004527878439688e-01,-1.104161992475122256e+00,-1.000917581468723228e+00,-1.139826891968870770e+00,-1.000917581468723228e+00
-1.547579503159904224e+00,7.850254174251636297e-01,-8.297967779328785376e-03,-1.095314911512860201e+00,-8.297967779328785376e-03
-1.651639296925324629e+00,2.235156586457316408e+00,-7.033267233038063004e-01,2.332415381280525946e+00,-7.033267233038063004e-01
-1.282547806075320818e+00,7.564111344816339955e-01,-8.519954586372793237e-01,4.763001847039872727e-01,-8.519954586372793237e-01
-1.279713116750091473e+00,9.909169050614095031e-01,-9.876146554829787760e-01,1.095456306786773526e+00,-9.876146554829787760e-01
-1.048293638363565261e+00,1.208425041267527922e+00,1.136803215591054572e+00,-1.134013290254937578e+00,1.136803215591054572e+00
-2.223216732748592328e+00,2.889274950956571608e+00,-9.412410035993035162e-02,1.720507329821952425e+00,-9.412410035993035162e-02
-8.300007318783415577e-01,-1.286646112130815256e+00,-2.188629403518775884e+00,-5.846757902396372275e-01,-2.188629403518775884e+00
1.022055080114193659e+00,3.743259960439818679e-01,2.238285127741103775e+00,-8.181986521278461488e-01,2.238285127741103775e+00
1.464468677091105064e+00,-1.938629971063305923e+00,-5.494291847069816548e-01,-3.340218520189051077e-01,-5.494291847069816548e-01
-1.339053553095233440e+00,-5.078840792541328142e-01,-2.076174552511225180e+00,-1.684743597268121285e-01,-2.076174552511225180e+00
-2.603113681797855072e+00,1.462883512980750256e+00,-1.350608263529213371e+00,3.016220925544395026e-01,-1.350608263529213371e+00
2.542585612797312322e-01,-1.687937783586227258e+00,-2.287377342353940968e+00,5.986236441211932879e-01,-2.287377342353940968e+00
4.942890989664139312e-02,8.690367519639770055e-01,9.746393307483399715e-01,2.724461887444806774e-01,9.746393307483399715e-01
1.281821583553590216e+00,-2.476169649612991019e+00,-1.265526398534766894e+00,-5.906280633539884306e-01,-1.265526398534766894e+00
-6.734228644460309443e-01,-2.147236210634030085e-01,-1.522562600908798469e+00,6.641338692460112547e-01,-1.522562600908798469e+00
-6.829572627368946103e-01,8.067078324391673272e-01,6.155085380570408660e-01,-5.271268045337271779e-01,6.155085380570408660e-01
3.034051618227335823e-01,-1.257426083304985287e+00,-2.600363134874400295e+00,1.897304969164165023e+00,-2.600363134874400295e+00
7.996636636636081930e-01,2.081296244716075161e-01,2.079003230635922517e+00,-1.255766153764644510e+00,2.079003230635922517e+00
-1.141178359177856150e+00,-1.082019239304907066e+00,-2.093090536306665861e+00,-8.577562597949964784e-01,-2.093090536306665861e+00
1.343866054993657411e+00,-1.802868317571863832e+00,-4.651740958355288225e-01,-4.046837448623228362e-01,-4.651740958355288225e-01
-2.105806694207337237e+00,2.608257572185675333e+00,1.953566239091801826e+00,-1.485916929391088992e+00,1.953566239091801826e+00
-1.467050914616301771e+00,1.876777321011195543e+00,-9.755876452225161755e-01,2.371203073555378182e+00,-9.755876452225161755e-01
-1.494201988553807592e+00,2.424231868475100971e+00,1.521843653082792125e+00,-2.112156412364792901e-01,1.521843653082792125e+00
-2.725697750792561713e-01,-4.038178524416310422e-01,-1.576326707790830506e+00,1.052473758031273743e+00,-1.576326707790830506e+00
1.757104347961620849e+00,-2.391238913977457692e+00,-1.074297305293701932e+00,6.755935554285019684e-02,-1.074297305293701932e+00
-8.075426244374367402e-01,-1.304109859332514665e+00,-1.925637208432462888e+00,-9.508502680037428378e-01,-1.925637208432462888e+00
1.492983057622980114e+00,-1.102060584274977550e+00,4.798261388331037658e-01,-2.313559244391121261e-01,4.798261388331037658e-01
-6.472148231020333764e-01,-7.223829983252885167e-01,-1.407961576967678541e+00,-3.707907743331401162e-01,-1.407961576967678541e+00
-7.834684111154305297e-01,-1.190512304314005121e+00,-1.795437677164579693e+00,-8.904695029683645791e-01,-1.795437677164579693e+00
9.329796023302404651e-01,-7.443649348878637051e-01,9.128644974035340365e-01,-1.110463266287766038e+00,9.128644974035340365e-01
-1.345607187313723196e+00,1.121270673463025114e+00,2.462377603135900150e-01,-5.187329153853946773e-01,2.462377603135900150e-01
9.631497661852180814e-01,-1.296006905357908190e+00,8.598479104051470756e-02,-8.891182515948379272e-01,8.598479104051470756e-02
8.866378955628538838e-01,-1.043133969955801488e-01,1.781337009485965517e+00,-1.257396027509226633e+00,1.781337009485965517e+00
3.613694713126707203e-01,-1.566370667075237089e+00,-2.058604215619004307e+00,6.696078437451947751e-01,-2.058604215619004307e+00
-1.602711806133243266e+00,1.582330973119001394e+00,6.770349548956908770e-01,-7.143276731000045565e-01,6.770349548956908770e-01
-1.537406656473482069e+00,8.578640001776630664e-01,9.050021684156203117e-01,-2.236694290006041363e+00,9.050021684156203117e-01
9.309532472349002497e-02,1.869001182796772520e+00,1.577184041656286784e+00,1.297016269583870951e+00,1.577184041656286784e+00
3.853978950918993673e-01,-1.472576747584745660e-01,1.613863817600497796e+00,-1.915696509043976370e+00,1.613863817600497796e+00
1.491291936319422362e+00,9.640779505467106381e-02,1.953424596763960741e+00,-1.523515798203519678e-01,1.953424596763960741e+00
1.488513788720935427e+00,-2.412814449654153481e+00,-1.195615475883246237e+00,-2.380212702559716398e-01,-1.195615475883246237e+00
8.452816108350482693e-01,3.001078729342292473e-01,2.395555395687457789e+00,-1.462349990747433104e+00,2.395555395687457789e+00
-2.856385386120210423e-01,8.742730262243990635e-01,6.360009876852965593e-01,2.136547182519810129e-01,6.360009876852965593e-01
-1.445330357026725299e+00,7.378945831046349046e-02,-7.924304138924505025e-01,-1.104719015654426428e+00,-7.924304138924505025e-01
-7.071248170231207997e-01,-1.955567751177845981e+00,-3.319902473930270492e+00,5.974762517710008325e-03,-3.319902473930270492e+00
-6.620686360049889974e-01,1.649992791987131835e-01,-1.159329613879323428e+00,8.548996180235532982e-01,-1.159329613879323428e+00
-8.962159851646077646e-01,8.187723194314741604e-02,-1.183813576169166826e+00,3.577340273527942482e-01,-1.183813576169166826e+00
-1.179440305005710954e+00,4.689344271126827945e-01,-8.569947355776913467e-01,1.328371300106599984e-01,-8.569947355776913467e-01
-5.503409005435946355e-01,1.347454488410556317e-01,-9.140990224444596191e-01,6.362778957051700157e-01,-9.140990224444596191e-01
-1.405297906367424687e+00,9.557870553736601549e-01,-5.710199995817695218e-01,2.391782680565298635e-01,-5.710199995817695218e-01
-1.102891682400536810e+00,1.762744162897377231e+00,1.956896207293865819e+00,-1.380776210671205817e+00,1.956896207293865819e+00
-5.921067569737717973e-01,-1.051910146658791012e+00,-1.721883435340904267e+00,-4.322497217833817240e-01,-1.721883435340904267e+00
-1.147410500072090445e+00,1.114036824121801050e+00,-8.389826652131808782e-01,1.323457550819430173e+00,-8.389826652131808782e-01
1.023286099983848674e+00,-6.683537801574718218e-01,1.059757525991561700e+00,-1.033469279882398340e+00,1.059757525991561700e+00
-7.830031999956407196e-01,7.729166611264377540e-01,6.312332454752133115e-01,-7.734114040735855511e-01,6.312332454752133115e-01
-9.040606241828995637e-01,-3.101864157512633224e-01,-4.983927202321244421e-01,-1.330035804065468952e+00,-4.983927202321244421e-01
-1.234004257426452922e+00,1.116184380187986935e+00,1.013684436512337639e+00,-1.429404746958780503e+00,1.013684436512337639e+00
-8.319245499940675082e-02,1.156650245982882241e+00,1.348717743605760688e+00,4.697797655107627257e-02,1.348717743605760688e+00
-1.092670177048107094e+00,3.856730425255827654e-01,-3.787582375218320196e-01,-5.510597200751510272e-01,-3.787582375218320196e-01
-1.190512279031100906e+00,1.402504409581945444e+00,1.150500919859585469e+00,-1.035097800521535216e+00,1.150500919859585469e+00
-1.824859604842133942e-01,3.853858645593352672e-01,5.076744148533467449e-01,-3.189880034187818625e-01,5.076744148533467449e-01
-1.444682013384486652e+00,2.251354049212320518e+00,-7.782303357797829557e-01,2.804822803681463306e+00,-7.782303357797829557e-01
-1.514885518510462603e+00,6.330400543822062276e-05,-9.037644158680843143e-01,-1.193957429269752124e+00,-9.037644158680843143e-01
-8.962501700411283911e-01,-1.052207126315148067e-01,-6.447511168614472599e-01,-7.408985652854773729e-01,-6.447511168614472599e-01
8.187875718110153578e-01,3.199055333735397189e-01,2.286204725087450207e+00,-1.315452549016560724e+00,2.286204725087450207e+00
-9.412302873532886194e-01,-1.738379534888141731e-01,-3.068189287863271053e-01,-1.415113466442361023e+00,-3.068189287863271053e-01
-2.637991174676511008e+00,4.357804870266338781e+00,3.013586698864705316e-01,3.135262128859629627e+00,3.013586698864705316e-01
-5.569693836906786100e-01,-3.615660188536801711e-01,-1.324779680542819360e+00,3.098659794699696324e-01,-1.324779680542819360e+00
7.145100727706023003e-01,-1.883244265296200315e-01,1.549447822052727908e+00,-1.362234779198655765e+00,1.549447822052727908e+00
-5.900432888185938030e-01,1.748320995570492808e+00,7.667348609356974265e-01,1.109628682342398420e+00,7.667348609356974265e-01
-2.975272559164429120e-01,-3.824713882266803644e-01,3.511228334126130779e-01,-1.670831412650476633e+00,3.511228334126130779e-01
-5.639611192204021517e-01,-4.184693524049606927e-01,-1.676007450760386153e+00,6.916614726575360805e-01,-1.676007450760386153e+00
4.354564198796604391e-01,1.548081849174586244e+00,1.818931494299845575e+00,9.349658844771524535e-01,1.818931494299845575e+00
-6.868904068192631662e-01,-1.443932114242447995e-01,-1.735758334188086227e+00,1.070042323438568976e+00,-1.735758334188086227e+00
1.121796817210886310e+00,-2.399543886348468380e+00,-1.158797485015257589e+00,-8.639814709820624605e-01,-1.158797485015257589e+00
6.298870370425304621e-01,-4.818954436966319532e-01,1.151590238661454491e+00,-1.468155245968956635e+00,1.151590238661454491e+00
1.029657987898394467e+00,-9.374113021056562634e-03,1.908101726786254115e+00,-1.031889079121599107e+00,1.908101726786254115e+00
8.306557250559751804e-01,1.911495270976969751e-01,2.079957754516589041e+00,-1.237215642500831825e+00,2.079957754516589041e+00
-1.479609199693280974e+00,3.627954932121736920e-01,-1.145376100117907692e+00,-1.409360153758107970e-01,-1.145376100117907692e+00
-8.302522172718762583e-01,-3.166999776353583707e-02,-2.142903728294192067e-01,-1.108311522327674270e+00,-2.142903728294192067e-01
-1.040837061340486702e+00,3.841372997618419660e-01,-1.536649429228495789e+00,1.165363240008985279e+00,-1.536649429228495789e+00
-2.731093368807139266e-01,-3.663466641185468275e-01,-1.686365955093891422e+00,1.274546153235308399e+00,-1.686365955093891422e+00
-6.634215041690729731e-01,2.132567095155014913e-01,-8.278354362551986201e-01,4.717598098813463592e-01,-8.278354362551986201e-01
-1.111556525040464871e+00,9.862569045806733881e-01,-7.251064299898183352e-01,9.906219895935598485e-01,-7.251064299898183352e-01
-8.778088866946334168e-01,-3.049472697933202150e-02,-1.195373583345431534e-01,-1.317501051229469811e+00,-1.195373583345431534e-01
1.025472523448842654e-01,2.176649923158432198e+00,1.785473260430308295e+00,1.573397402824991076e+00,1.785473260430308295e+00
-5.242609915418755540e-01,6.330772501562290655e-01,6.072542545899889399e-01,-5.699692711597860173e-01,6.072542545899889399e-01
-2.209638729080833031e+00,2.808683780225062154e+00,-1.477065470210877640e-01,1.672898167388994661e+00,-1.477065470210877640e-01
-1.179280392370927188e+00,-7.335598892250247971e-01,-2.004483718747247956e+00,-4.163199461348383590e-01,-2.004483718747247956e+00
1.260808249362326716e+00,-1.531217981379237036e+00,-1.084531535300576888e-01,-5.536340252610361112e-01,-1.084531535300576888e-01
3.300285484035325734e-01,-1.315709566553557863e+00,-1.886629362770098517e+00,8.279338607741597578e-01,-1.886629362770098517e+00
-1.144072962899388868e+00,-5.511461004787580054e-01,-1.524177013756948806e+00,-7.079080682213001463e-01,-1.524177013756948806e+00
-1.563679006941842475e+00,-4.013188922914094903e-01,-2.395513884175709762e+00,1.083681551633122186e-01,-2.395513884175709762e+00
-1.478976410602516500e+00,1.132242699050438839e+00,9.262422553612023046e-01,-1.676406376939441056e+00,9.262422553612023046e-01
-1.290278857195412465e+00,2.271355851531338566e+00,1.746909250175884498e+00,-4.722686508895327373e-01,1.746909250175884498e+00
-2.452858875856225751e+00,2.080346923271807924e+00,1.896154508828723273e+00,-2.923125063929008505e+00,1.896154508828723273e+00
-8.198266228339077255e-01,1.278022715727531233e+00,-1.533101210212321597e+00,3.133359597612083824e+00,-1.533101210212321597e+00
1.017581751733849904e+00,2.807844933464145529e-02,1.785917739961071282e+00,-8.115149154496920092e-01,1.785917739961071282e+00
-1.322209704358130455e+00,1.093846504317342871e+00,9.083480752339990749e-01,-1.464809995939374554e+00,9.083480752339990749e-01
-2.338104753029858429e+00,1.262872326383558397e+00,1.100400030126904127e+00,-3.087396957734625857e+00,1.100400030126904127e+00
-6.152406311992804078e-01,4.958452568860451937e-01,-1.239226805817617461e+00,1.640925674195373274e+00,-1.239226805817617461e+00
-1.422291444561501139e+00,-1.307821978268528085e+00,-3.278105514738082871e+00,-5.049992070841069491e-02,-3.278105514738082871e+00
-1.490275721582690061e-01,-2.349372455623422784e+00,-2.744862986912180780e+00,-6.063484256841494835e-01,-2.744862986912180780e+00
1.317865532749518565e+00,-1.709351181147402698e+00,-3.090856773201939856e-01,-4.987248195837603593e-01,-3.090856773201939856e-01
-4.516733305115633312e-01,8.498804270636325930e-02,4.909042530026478390e-01,-1.276161618774817263e+00,4.909042530026478390e-01
3.259085679030437888e-04,-6.211850353159643623e-01,-2.291794222507419931e+00,2.115351063741100823e+00,-2.291794222507419931e+00
-1.220817524443440938e+00,8.978224861805352841e-01,-6.239379568775709206e-01,5.101035777215722211e-01,-6.239379568775709206e-01
-1.227321231767716903e+00,-1.563549805875669718e-01,-1.143453157263667253e+00,-6.688979962483555530e-01,-1.143453157263667253e+00
-1.211290552885886829e+00,9.738917110597209437e-01,-7.851677917820649721e-01,8.904932585312467230e-01,-7.851677917820649721e-01
-1.123857718271772610e+00,9.927115861240528583e-01,-9.077110096321510113e-01,1.240006502138970568e+00,-9.077110096321510113e-01
-9.775619618437848546e-01,-4.716461541242782385e-01,-9.435847084646443728e-01,-1.112655911396315700e+00,-9.435847084646443728e-01
-1.269870726062554356e+00,-6.451920224248248736e-01,-2.251779813838162614e+00,-5.547498768720993123e-02,-2.251779813838162614e+00
-1.056723251771047201e+00,1.912507417922411634e-01,-1.039055518178232607e+00,8.898537285223573345e-02,-1.039055518178232607e+00
-1.961443679466329248e+00,3.160562019744256546e+00,-3.730005400112887948e-01,3.030459804637157806e+00,-3.730005400112887948e-01
-6.701874484471274096e-01,8.286948734948277329e-01,6.943863467953358404e-01,-5.779969049069406672e-01,6.943863467953358404e-01
-1.453234751329215424e+00,2.713366899613310346e-01,-8.151212503012723598e-01,-7.291787459626675183e-01,-8.151212503012723598e-01
-1.589284949611688535e+00,-8.893351869852090807e-01,-3.384929281253733269e+00,5.830220506275871628e-01,-3.384929281253733269e+00
-1.498529970843570869e+00,9.329145411512506092e-01,6.242943789897552609e-01,-1.641612534457975503e+00,6.242943789897552609e-01
-8.318727780672087180e-01,3.606304029000801936e-01,-1.452025042547207878e+00,1.344195090089391531e+00,-1.452025042547207878e+00
4.105522594863639796e-01,-1.590143722165181961e+00,-1.964074850174005960e+00,5.734561905566815110e-01,-1.964074850174005960e+00
-9.485395076203286813e-01,-3.833498915138720542e-01,-7.716327147157151511e-01,-1.148798134387229108e+00,-7.716327147157151511e-01
-7.369274338434039784e-01,8.479443191908159205e-01,6.888912109843006171e-01,-6.443290752741968053e-01,6.888912109843006171e-01
1.982308318851093709e-01,-1.009875383157784690e+00,3.058474162192514889e-01,-1.930487585560405117e+00,3.058474162192514889e-01
-2.746405189326655005e-01,-8.414642137527356125e-01,-1.676351450967013434e+00,4.007544841765618981e-01,-1.676351450967013434e+00
-4.626874826846960609e-02,6.238877885793331357e-01,1.004500856722238877e+00,-3.680160494876896227e-01,1.004500856722238877e+00
-1.493103311207393702e+00,1.608670937239252918e+00,-7.124385334884242305e-01,1.473528931218061055e+00,-7.124385334884242305e-01
1.046019540121019942e+00,-1.589740657023801740e+00,-1.946398021151063418e-01,-8.877459850028450727e-01,-1.946398021151063418e-01
-1.210915797665213622e+00,1.562645667248867554e+00,1.832781657240726947e+00,-1.742681672561663175e+00,1.832781657240726947e+00
-2.323756849324377427e+00,3.107116251719713951e+00,6.080666751890007049e-02,1.730858175548741107e+00,6.080666751890007049e-02
-9.372958911987380182e-01,-1.682991652071520683e+00,-3.263568861974146529e+00,4.290924025187559110e-02,-3.263568861974146529e+00
-1.338000171768326751e+00,1.006384580810925966e+00,-6.872528635993949697e-01,6.042828192450906410e-01,-6.872528635993949697e-01
7.990416056797777777e-01,-1.421264146216072000e+00,-1.668657091967795658e-02,-1.237719602406960107e+00,-1.668657091967795658e-02
1.409051715981447739e+00,-1.486139715759591473e+00,1.276510451715507921e-01,-5.639271439794374396e-01,1.276510451715507921e-01
2.451700662066349512e-01,-1.155535971362271486e+00,-2.293191816881845480e+00,1.552516916887946241e+00,-2.293191816881845480e+00
-1.005535964586972586e+00,-7.036462857085120648e-01,-1.646291822032564411e+00,-5.847531365103457723e-01,-1.646291822032564411e+00
-5.581625246527757156e-01,1.188511539697416852e+00,1.079894230116534404e+00,-2.904499533458322347e-01,1.079894230116534404e+00
-9.360196923473389496e-01,1.904207369857290999e+00,1.715560807030948487e+00,-5.127715190575097282e-01,1.715560807030948487e+00
-1.221501136219205863e+00,1.166014783393523713e+00,-7.239305929407044982e-01,1.134000209154262917e+00,-7.239305929407044982e-01
8.322207197529030154e-01,-1.680687495513129015e+00,-4.249949205015246534e-01,-1.075206869903469142e+00,-4.249949205015246534e-01
1.398366456577301964e+00,-1.653449263301038474e+00,-1.054468363177476498e-01,-5.541098148360905640e-01,-1.054468363177476498e-01
-1.524478456249432012e+00,2.784029957122732823e-01,-6.129005944632571756e-01,-1.118081461542716371e+00,-6.129005944632571756e-01
-9.522329449564228554e-01,5.033839775531407518e-02,6.328270987777437906e-01,-2.355185810960222614e+00,6.328270987777437906e-01
2.404115360863308126e-01,1.983397915240710629e+00,2.592013407078213483e+00,3.108841907453625542e-01,2.592013407078213483e+00
-1.126835763984929351e+00,5.659028921459842154e-01,6.727772246547931712e-01,-1.766144902324431332e+00,6.727772246547931712e-01
-1.675547471739603278e+00,6.285348171212354895e-01,-7.284012895735303417e-01,-5.696639596989334642e-01,-7.284012895735303417e-01
-1.292723292042608385e+00,3.185135216750081821e-01,-6.315436272412995322e-01,-6.415275302813925329e-01,-6.315436272412995322e-01
-3.409385857411849630e-01,-4.247413656222926992e-01,6.051726032831463709e-01,-2.176532456133148052e+00,6.051726032831463709e-01
-1.699374286916947696e+00,6.066513950734675475e-01,3.055999689923956097e-01,-2.107769110842248050e+00,3.055999689923956097e-01
-8.158259609855351702e-01,-8.808583033412450414e-01,-1.486413500440082913e+00,-8.208550196628658924e-01,-1.486413500440082913e+00
-1.459924296219837769e+00,9.543738490821461473e-02,-9.855816535834134307e-01,-8.167732170253563240e-01,-9.855816535834134307e-01
3.845372067286362272e-01,9.270323063374206196e-01,3.075507313909714657e+00,-2.042490006098253374e+00,3.075507313909714657e+00
-9.722866711839679432e-01,-1.695300338893768854e+00,-3.315325022297341828e+00,3.671963052760740531e-02,-3.315325022297341828e+00
-3.233747382157038386e-01,-1.641881959780281175e+00,-1.262648575246203553e+00,-1.706789663655287947e+00,-1.262648575246203553e+00
-2.316003962653994108e+00,6.339214419748537832e-01,9.436303560326967377e-01,-3.964725528854096570e+00,9.436303560326967377e-01
-1.963725386001762052e+00,1.114439944592959669e-01,-2.501834467469525425e+00,5.312758315543557597e-01,-2.501834467469525425e+00
-1.637159653306536455e+00,1.723902914875219405e+00,-2.141213625902630424e-01,7.430266702698606895e-01,-2.141213625902630424e-01
9.656954739595916548e-01,1.022259835357082647e+00,3.051764043781065805e+00,-8.896063887454137564e-01,3.051764043781065805e+00
-2.154337064026417004e+00,1.914482419676998282e+00,2.189080621010392136e+00,-3.149173473605574536e+00,2.189080621010392136e+00
-2.353571117659321033e-01,-1.170091697467443126e+00,-8.983499343881011789e-01,-1.226432413574804370e+00,-8.983499343881011789e-01
8.953721709406786688e-01,-7.045779207628204421e-01,1.069719041803314674e+00,-1.321444924178321045e+00,1.069719041803314674e+00
3.391161708792174156e-01,4.668527777095030085e-01,2.387119156265570918e+00,-1.974906481403744696e+00,2.387119156265570918e+00
3.007874334360990387e-01,7.448389250167031239e-01,2.885330078919863261e+00,-2.239248645704817076e+00,2.885330078919863261e+00
-5.038661838389806302e-01,-3.971554637655853870e-02,-1.280704390729764386e+00,9.148736848413058231e-01,-1.280704390729764386e+00
-1.116143532114729053e+00,-5.142198421728814139e-01,-1.421666197229006112e+00,-7.404735072269232887e-01,-1.421666197229006112e+00
4.179426288131615763e-02,1.401651046600061123e+00,1.829230364850022106e+00,1.439490891487693602e-02,1.829230364850022106e+00
-1.883422787008329546e+00,1.119866485182777760e+00,6.448194602332170122e-01,-1.960868484231762521e+00,6.448194602332170122e-01
-1.163552539839434630e+00,1.525219648765260283e+00,-6.578909686046781058e-01,1.783290380131783426e+00,-6.578909686046781058e-01
-1.090116890043417719e-01,-1.460049084232438732e+00,-1.220220124239600246e+00,-1.089131797509940380e+00,-1.220220124239600246e+00
-4.765005322185744685e-01,5.562099639688110608e-01,-1.418883448529195457e+00,2.229676190968653771e+00,-1.418883448529195457e+00
-9.636519264959443332e-01,1.889086239497173247e+00,1.112052383766812813e+00,2.669125277800772356e-01,1.112052383766812813e+00
1.132144035107461200e+00,-1.312080162222356794e+00,1.673027983201507141e-01,-7.573776616031941966e-01,1.673027983201507141e-01
-1.848044495094978146e+00,7.960397523385869256e-01,1.169271019091886687e+00,-3.227806262204294008e+00,1.169271019091886687e+00
-6.301451358512575318e-01,1.277099065123926014e+00,1.806034148960099062e+00,-1.273141195815797433e+00,1.806034148960099062e+00
-1.029274135491116127e+00,-1.519328432282048169e+00,-2.739877126123775319e+00,-5.511296102482152737e-01,-2.739877126123775319e+00
-1.826244170887416640e+00,2.625125511032422865e-01,-1.496296462783103465e+00,-3.916152273803091832e-01,-1.496296462783103465e+00
-1.020682235498717949e+00,9.939329146959527961e-01,-1.531768420060231950e+00,2.291463131718094459e+00,-1.531768420060231950e+00
7.502058917271499094e-01,-1.157009827987995454e+00,4.095524387917061082e-01,-1.442358550400767214e+00,4.095524387917061082e-01
1.145089109780337289e+00,-3.426374129855197515e-01,1.425855734228296923e+00,-7.640974811563553404e-01,1.425855734228296923e+00
-2.408686598762061593e+00,3.633437913673394082e+00,-1.996636489467793485e-01,2.909641577458073058e+00,-1.996636489467793485e-01
1.093773700766234258e+00,-1.616997141446535613e+00,-2.524796959457933365e-01,-7.774004160184937451e-01,-2.524796959457933365e-01
-9.473208053294601694e-01,-1.255367461619087299e+00,-2.587508307041176181e+00,-1.564066302441317058e-01,-2.587508307041176181e+00
4.291028021577856233e-01,-2.287001955433198397e+00,-2.722385189177884079e+00,4.170673931847781457e-01,-2.722385189177884079e+00
-1.615004331199121346e-01,-3.484332580348837860e-01,-1.442104259800071286e+00,1.143996781458025191e+00,-1.442104259800071286e+00
-9.085007012153197836e-01,-4.331168787578357771e-01,-4.235655264392031993e-01,-1.664692501220411014e+00,-4.235655264392031993e-01
-7.642075023325854977e-01,1.107836883084590163e+00,9.150675529197314084e-01,-5.392477728874880416e-01,9.150675529197314084e-01
2.182421702491671445e-01,1.431013069817232530e+00,3.536708072145825277e+00,-2.055512410879712704e+00,3.536708072145825277e+00
-1.237229325483521380e+00,1.346371431658323070e+00,-4.801119246201971391e-01,1.089519282068667216e+00,-4.801119246201971391e-01
3.516785656296633755e-01,2.420795194605791512e+00,4.918964440683213368e+00,-2.003721312941569632e+00,4.918964440683213368e+00
9.390979859642571981e-01,6.401554230380062105e-01,2.749414625265491186e+00,-1.195476218906995847e+00,2.749414625265491186e+00
1.170326131712836171e+00,-1.764642470270080921e+00,-4.367116955490848440e-01,-6.588557011353204373e-01,-4.367116955490848440e-01
9.475399106501662949e-01,-1.539701825507492072e-01,1.662993278810467324e+00,-1.080607707829622788e+00,1.662993278810467324e+00
9.777680951501447337e-01,2.963256612562433778e-01,2.035394400650958335e+00,-7.446915321244493846e-01,2.035394400650958335e+00
5.776909344490341880e-01,1.268304036840559146e+00,3.489468475405149039e+00,-1.696290987177614618e+00,3.489468475405149039e+00
8.249686497771957505e-02,2.196000783760254371e-01,5.557805204905224006e-01,-2.539482939478419077e-01,5.557805204905224006e-01
-1.021546339397908065e+00,2.054412758660882243e+00,1.492292808291879824e+00,-6.603186891246137780e-02,1.492292808291879824e+00
2.872517496403540482e-01,1.380257848583783531e+00,3.648236742097281216e+00,-2.192014531094341301e+00,3.648236742097281216e+00
1.552262391831787491e+00,-9.953136391830263996e-01,7.030831450816683592e-01,-2.573093846804066498e-01,7.030831450816683592e-01
-6.293734283068729285e-01,5.675555359988655457e-01,-1.223126102797172710e+00,1.724524054279518825e+00,-1.223126102797172710e+00
-1.260714091324252273e+00,1.688932058261676694e+00,-7.751871031626753616e-01,2.085819198761305060e+00,-7.751871031626753616e-01
-1.605970992424771371e+00,1.196665479480304300e-02,-1.646151844826690525e+00,-2.729117837519645651e-01,-1.646151844826690525e+00
-8.887508220844198004e-01,1.124103979861312386e+00,-1.977494107165028492e+00,3.370678943724167986e+00,-1.977494107165028492e+00
-2.055832996246775402e+00,2.291127727988183427e+00,3.090193762350204043e-01,3.451607073632732003e-01,3.090193762350204043e-01
7.837235524401667819e-01,-7.004832824328088847e-01,9.586010407913635456e-01,-1.339224558322783309e+00,9.586010407913635456e-01
9.904914705815764941e-01,-1.997007215121227031e+00,-5.905433986599983864e-01,-1.154103910013525969e+00,-5.905433986599983864e-01
-1.651273376995376463e+00,-4.568896138805487173e-01,-2.565609765289281530e+00,1.054298854064485980e-01,-2.565609765289281530e+00
-6.090340072316169362e-01,-1.178593891409810412e+00,-1.449804891398868367e+00,-1.072512096986185215e+00,-1.449804891398868367e+00
6.106039228888925363e-01,-3.064301678052035460e-01,1.507564529595218250e+00,-1.685595308187239461e+00,1.507564529595218250e+00
-8.271082409415053682e-01,6.543877253999569321e-01,-1.548751557645337229e+00,2.018485484784457995e+00,-1.548751557645337229e+00
-1.297047081122630452e+00,-5.974091296291885733e-01,-1.817579699922794223e+00,-6.265730539535916410e-01,-1.817579699922794223e+00
-8.223810583213826408e-01,-1.057538164048616558e+00,-2.290554000035223137e+00,-1.502522170849984740e-02,-2.290554000035223137e+00
-1.816594609435349561e+00,3.922801604937199427e-01,8.610719045487973400e-01,-3.469840837436549030e+00,8.610719045487973400e-01
1.040909061438757055e+00,-7.925806017657043290e-01,9.291061084444959262e-01,-1.044402082092577455e+00,9.291061084444959262e-01
-5.004932906293804162e-01,-2.588690972602111229e-01,-1.109100822506684070e+00,2.827339146239884471e-01,-1.109100822506684070e+00
-1.022413788456530082e+00,5.151042668277304726e-01,-8.957549306246523901e-01,5.268803346157742151e-01,-8.957549306246523901e-01
6.611560058506809057e-01,1.734772063976623702e-02,1.801379521385450211e+00,-1.433845978851136627e+00,1.801379521385450211e+00
-9.665319650322785616e-01,-6.925048525717367731e-01,-8.268907484631545790e-01,-1.657867240926372387e+00,-8.268907484631545790e-01
1.779563995150264866e+00,-3.436946835710432691e-01,1.386828043492217111e+00,3.235888365085985985e-01,1.386828043492217111e+00
6.639639310884378753e-01,-1.201933659583973579e+00,2.067427921743205665e-01,-1.377699303901056549e+00,2.067427921743205665e-01
8.073825556475847653e-01,-7.213344444474069084e-01,9.476050732123134646e-01,-1.322742784798616844e+00,9.476050732123134646e-01
-9.155686257897821534e-01,-1.458175845596368647e-01,-1.262466936652611338e+00,2.643788433561966578e-02,-1.262466936652611338e+00
-6.569778092526795676e-01,9.356490446487436552e-01,1.204521662198067222e+00,-1.083699409969219873e+00,1.204521662198067222e+00
-2.014321631892246778e+00,6.959434578724246201e-01,-1.008314346595208688e+00,-6.052411621025901578e-01,-1.008314346595208688e+00
-7.771385710453198037e-01,1.001969405017966386e+00,5.185204007086454681e-01,-1.914914142470011127e-01,5.185204007086454681e-01
-4.127012752391140404e-01,-2.547172354758704405e-01,-1.137617314997543927e+00,4.736258023439597897e-01,-1.137617314997543927e+00
-1.123284155516442784e+00,-8.064118469516910748e-02,-7.897221638153191225e-01,-8.620616236361877682e-01,-7.897221638153191225e-01
-1.476700970368540977e+00,1.218041172792299731e+00,1.421884830062889460e+00,-2.217643216375317028e+00,1.421884830062889460e+00
-2.211908899429455566e-01,-1.091426057099143865e+00,-4.071947663681096952e-02,-2.272195112554527441e+00,-4.071947663681096952e-02
-1.161717894942880136e+00,-3.280877575373239985e-01,-6.265798119033187952e-01,-1.601464017720689359e+00,-6.265798119033187952e-01
8.739081014323080154e-01,-1.622331546787346257e+00,-1.887571545883937052e-01,-1.235471395563969566e+00,-1.887571545883937052e-01
1.294886229840978675e+00,-6.909600406127158756e-01,9.448197001127929262e-01,-4.691496184373586953e-01,9.448197001127929262e-01
-6.522449471016231737e-01,-6.658528549398716745e-01,-9.631587240784615922e-01,-9.049677728018802325e-01,-9.631587240784615922e-01
-1.593832624381376073e-01,-1.093317181479163347e+00,-4.896977961401475232e-01,-1.540975050758762510e+00,-4.896977961401475232e-01
-5.005547046081300078e-01,-1.241419580430472180e+00,-1.816748006121460923e+00,-4.909419310957037208e-01,-1.816748006121460923e+00
-7.574663431809534053e-01,-1.893367928228376629e-01,6.586280643974018467e-02,-1.669594799268852237e+00,6.586280643974018467e-02
-7.282993936879494923e-01,1.868801290000634330e+00,1.879333573380452371e+00,-4.691748493024520128e-01,1.879333573380452371e+00
-1.219972112321486835e+00,1.149519222286171205e+00,1.723351868568674394e-01,-1.585912662818786956e-01,1.723351868568674394e-01
-1.583889221087102950e+00,1.667152516694567765e+00,-8.379691429399407365e-01,1.608231945985277633e+00,-8.379691429399407365e-01
1.799200884507457410e+00,-2.802225235529255620e+00,-1.691159330244627057e+00,2.656085293588450469e-01,-1.691159330244627057e+00
1.281932953818624155e+00,-2.419879849990545395e+00,-1.122754051269132525e+00,-6.904566919091614796e-01,-1.122754051269132525e+00
-1.088554107074426236e+00,-2.533131509731575415e-01,-6.601628941023964803e-01,-1.299860112274723090e+00,-6.601628941023964803e-01
1.177393033665770528e+00,-2.301684307209828528e+00,-1.074967128767755131e+00,-7.151348533318000467e-01,-1.074967128767755131e+00
-1.806377751132144827e+00,1.268169219531720682e+00,7.891423225978175804e-01,-1.771447653604906414e+00,7.891423225978175804e-01
-6.661203370902568643e-01,-1.768923969675522886e-02,4.367850772977127649e-01,-1.734647551202321392e+00,4.367850772977127649e-01
-3.152872206161405622e-02,2.528335997669772794e+00,2.681184540960481755e+00,7.247226099037540337e-01,2.681184540960481755e+00
-6.693023351486445671e-01,-3.582551966808908417e-01,-1.903228513363767860e+00,9.493221204323378792e-01,-1.903228513363767860e+00
-1.388517819977218792e+00,-3.059978169877368703e-01,-1.392949473247661052e+00,-8.494623253617478165e-01,-1.392949473247661052e+00
-8.817127714759568358e-01,1.047740612765084123e+00,-1.544462264470310320e+00,2.633044377704940597e+00,-1.544462264470310320e+00
-7.469777146840806958e-01,2.242563970534608084e-02,-1.228555309311825994e+00,5.569722423190022198e-01,-1.228555309311825994e+00
3.263050897083747959e-01,1.139637244421657813e+00,1.274991454706377425e+00,7.880453062444403578e-01,1.274991454706377425e+00
-2.201477813511752757e+00,1.895496129024663468e+00,1.335809891186428455e+00,-2.055662690833645723e+00,1.335809891186428455e+00
-5.425615635738543219e-01,2.660883387573837952e-02,-1.211654838803450041e+00,8.739548957957323783e-01,-1.211654838803450041e+00
-9.952444490520746534e-01,1.095186865879116400e+00,-9.710903575360277928e-01,1.724059630775330643e+00,-9.710903575360277928e-01
-1.022553654039126236e+00,1.549120052583293772e+00,1.240832361769723891e+00,-6.242646090114932766e-01,1.240832361769723891e+00
-1.157591376567210117e+00,1.809350633316131107e+00,1.540275322831848426e+00,-7.977055815552892559e-01,1.540275322831848426e+00
1.083605855378400262e+00,3.243498048868893868e-02,1.919552275889157888e+00,-8.846664697965503921e-01,1.919552275889157888e+00
-7.329398395911350672e-01,-1.233384783758105341e+00,-1.580838846227950789e+00,-1.188395035255818577e+00,-1.580838846227950789e+00
-9.129130957573231564e-01,-5.532569274113607882e-01,-4.667085741700324197e-01,-1.827722541023087288e+00,-4.667085741700324197e-01
-1.834743582889641900e+00,2.068643396970511805e+00,-6.836149699447944261e-01,1.705634365469843150e+00,-6.836149699447944261e-01
1.382186673150820333e-02,5.549036553244609538e-01,5.643151466519648052e-01,2.269491671224854734e-01,5.643151466519648052e-01
-9.720659221627405699e-01,4.897548617633188384e-01,-7.015693217511240753e-01,2.890923083355515510e-01,-7.015693217511240753e-01
-1.262507107623268787e+00,2.059386748030894498e+00,1.368953323309460179e+00,-2.758113226972365162e-01,1.368953323309460179e+00
6.619318232187637596e-01,7.679379714530651935e-01,2.789903113631961862e+00,-1.474017550352989314e+00,2.789903113631961862e+00
-6.853467392436682903e-01,1.229602732401444909e+00,9.502379420616487993e-01,-2.406428367009637581e-01,9.502379420616487993e-01
-8.583369953222430571e-01,1.389276993205169619e+00,1.218786644210508863e+00,-6.137618375959452699e-01,1.218786644210508863e+00
1.318297622431201965e+00,-1.853662478917843304e+00,-3.661790943400382581e-01,-6.777684910096535287e-01,-3.661790943400382581e-01
-1.303998170583744232e+00,1.662636427072943013e+00,1.277606861804347016e+00,-9.302759003032798901e-01,1.277606861804347016e+00
-2.483575927494366731e+00,1.492465188828658862e+00,1.348522006689701902e-01,-1.547241305465083983e+00,1.348522006689701902e-01
-2.216395641831818253e+00,3.042263398749164960e+00,-3.088587722196523000e-02,1.918356449302658362e+00,-3.088587722196523000e-02
9.508342711014829973e-01,-8.945973014688375358e-01,7.489847957641154741e-01,-1.121023896426696309e+00,7.489847957641154741e-01
9.077140895264368403e-02,-1.933589178966511390e+00,-1.937086491704743452e+00,-6.056479789901374478e-01,-1.937086491704743452e+00
-2.032565156836497522e+00,7.567246286826928570e-01,6.773714577315125274e-01,-2.905139641654332916e+00,6.773714577315125274e-01
2.933256502832182200e-01,3.550888323294437154e-01,5.012438795754597942e-01,4.112306957304991961e-01,5.012438795754597942e-01
4.284124732295070404e-01,-3.793808236199692763e-01,1.304696100812805959e+00,-1.827859354226722077e+00,1.304696100812805959e+00
-2.310099092983906033e+00,2.996323314332606458e+00,1.939605741747651990e-01,1.365262632905259732e+00,1.939605741747651990e-01
-8.836266490283506414e-01,8.607754865302641445e-01,1.186756014983798124e+00,-1.563242560006791848e+00,1.186756014983798124e+00
-1.947922844251117391e+00,1.447808462320011813e+00,8.929735720768537943e-01,-1.824733530040047569e+00,8.929735720768537943e-01
-2.024248291463777605e+00,6.047682069794055870e-01,-1.157214035035228905e+00,-5.757023410752513115e-01,-1.157214035035228905e+00
-1.994382228677931135e+00,2.096713551382737961e+00,2.394672161227764384e-01,1.928050765893800644e-01,2.394672161227764384e-01
-5.249880406288818246e-01,-8.235915049803744781e-01,-8.335723598637718723e-01,-1.165000671383027209e+00,-8.335723598637718723e-01
-1.107108442360141165e+00,1.800293406333155266e+00,1.410418594136825909e+00,-5.484061235620618646e-01,1.410418594136825909e+00
4.266922333956570945e-01,4.912303161941040663e-01,8.843207890836227714e-01,3.334755388313057622e-01,8.843207890836227714e-01
-1.462273670095826983e+00,-7.766431605477627231e-01,-6.157835789242935842e-01,-2.915990818327092171e+00,-6.157835789242935842e-01
-8.525350991824237612e-01,-7.306363928284074216e-01,-8.413050327577481502e-01,-1.520441381540868830e+00,-8.413050327577481502e-01
-1.542456730032173429e+00,1.648631482006934990e+00,-1.062814595519013805e+00,1.959803916181892092e+00,-1.062814595519013805e+00
-6.629080828682768489e-01,3.257256039177947732e-02,-1.032104848335398062e+00,4.350079734572555035e-01,-1.032104848335398062e+00
-8.164515203839157742e-01,-1.174504230738486088e+00,-1.898652634823394081e+00,-7.696513420440398434e-01,-1.898652634823394081e+00
1.349343264456856817e+00,-1.840349762301272341e+00,-4.250019047556783391e-01,-5.200874205872122458e-01,-4.250019047556783391e-01
-1.060124370628027668e+00,1.395919875590424519e+00,-1.262552471126751730e+00,2.572303980355759911e+00,-1.262552471126751730e+00
-1.136306230052673394e+00,-5.661969400974323774e-01,-2.038959179836477453e+00,4.358474314039462172e-03,-2.038959179836477453e+00
-1.013929604023770858e+00,1.026582468854469132e+00,-1.222544062064339077e+00,1.924821014903504546e+00,-1.222544062064339077e+00
-1.153727286357091320e-01,1.685679953910906415e+00,1.255913561801376144e+00,1.079946917076101798e+00,1.255913561801376144e+00
-1.136262809230414117e+00,1.623509669337279415e-01,5.860517557197164606e-02,-1.642488927105158369e+00,5.860517557197164606e-02
1.691294016995199545e+00,-2.870811081583837243e+00,-1.793213052833564802e+00,1.100105590912194842e-01,-1.793213052833564802e+00
-1.155370419831607043e+00,1.256806341283235096e+00,-9.061657085805279177e-01,1.662896074137914404e+00,-9.061657085805279177e-01
7.076460237433397360e-01,-5.187582170724711617e-01,1.144890462789893704e+00,-1.398416512169423420e+00,1.144890462789893704e+00
-1.332734457465653888e+00,1.371199620256648988e-01,-1.174136423286984421e+00,-2.679972896748238353e-01,-1.174136423286984421e+00
-1.270242879440626194e+00,1.307270995826666171e+00,-9.343612305668519413e-01,1.606448110953604846e+00,-9.343612305668519413e-01
6.661227667743359060e-01,7.421455505116479612e-02,2.010513478269119414e+00,-1.618404601655400121e+00,2.010513478269119414e+00
-1.252860781682864078e-01,-9.599155554348904884e-01,-1.145366009489570791e+00,-3.190558121626754229e-01,-1.145366009489570791e+00
-1.916069113947712843e+00,3.078175278660553182e+00,2.386404464906996203e+00,-9.398485263066531648e-01,2.386404464906996203e+00
-9.322591748389501554e-01,8.335058368882268531e-02,9.408094139072120665e-02,-1.502474019286110352e+00,9.408094139072120665e-02
-2.718443047413376945e+00,3.778624690678227704e+00,1.965340854942607685e-01,2.107180310969941850e+00,1.965340854942607685e-01
8.651659921625458605e-01,-1.336516877024285899e+00,1.965373055776588052e-01,-1.278037353016819200e+00,1.965373055776588052e-01
-1.349607315118356743e+00,-4.390835931803412917e-01,-2.297800685606794957e+00,2.513266355157357523e-01,-2.297800685606794957e+00
1.141395468945173075e+00,-8.163975758478794198e-01,6.485426421092050919e-01,-5.274372935263329509e-01,6.485426421092050919e-01
-5.755674114763198457e-01,7.813359636520952334e-01,9.918229296926679428e-01,-9.290745548285797017e-01,9.918229296926679428e-01
-6.213277061609396856e-01,1.432240240767551187e+00,1.300747410648562363e+00,-2.655244625427919392e-01,1.300747410648562363e+00
-1.323297078348824929e+00,2.499982095322251796e-01,-2.106125438550191520e-01,-1.409245084102944467e+00,-2.106125438550191520e-01
-8.046438066651970811e-01,-1.267363522017737887e-01,6.494159535329184774e-01,-2.457424686893184607e+00,6.494159535329184774e-01
-2.950061475098803010e-01,-4.348530926927527962e-01,-1.653120231017821684e-01,-1.032132906899054792e+00,-1.653120231017821684e-01
9.468957042609271735e-01,-4.430830128679740243e-01,1.102591366516993965e+00,-8.120839019849229734e-01,1.102591366516993965e+00
-8.949927987524219919e-01,-1.188778765121254244e+00,-2.196834293228848267e+00,-5.024983492787788997e-01,-2.196834293228848267e+00
-1.210854741727866335e+00,8.872050299368113846e-01,-8.637273743067440668e-01,8.457212812857373141e-01,-8.637273743067440668e-01
-1.733947348611945216e+00,1.103908788291770637e+00,6.952873589432078116e-01,-1.817190989187133621e+00,6.952873589432078116e-01
-8.663790581616127584e-01,-3.904626161939018791e-01,-7.014580383774302597e-01,-1.126740403440002591e+00,-7.014580383774302597e-01
-1.451283607945146326e+00,2.219648635477620147e-01,-6.326562454673451130e-01,-1.072668287383305774e+00,-6.326562454673451130e-01
4.884473950379875085e-02,-8.374025376305975488e-02,3.658293341721752245e-02,-1.230820370949879949e-01,3.658293341721752245e-02
-2.927505333257185427e-01,-1.739861328534850760e-01,-4.007587061223989444e-01,-2.254290034252321995e-01,-4.007587061223989444e-01
7.272811744247962285e-01,-8.738848420519325089e-01,9.435713342503587731e-01,-1.722866669455236588e+00,9.435713342503587731e-01
-6.758471089882210903e-01,-4.032614064984857971e-01,6.199714103715137092e-02,-1.916999421635850798e+00,6.199714103715137092e-02
-1.771066848135484761e+00,3.990356250519118131e-01,-1.274840229325820307e+00,-3.679956837109041867e-01,-1.274840229325820307e+00
3.034135286102941365e-01,-4.027311416167756453e-01,6.140770861094804189e-01,-1.098795035427825084e+00,6.140770861094804189e-01
-3.038068667710102089e-01,-9.395428253852594613e-01,-8.932342060621875079e-01,-9.293283602032857971e-01,-8.932342060621875079e-01
8.920836317975833207e-01,1.332667497207112028e-01,5.640465502704967715e-01,8.986394565006330382e-01,5.640465502704967715e-01
-1.802119447351323789e+00,1.953528379259325876e+00,1.463164663009297151e+00,-1.479619388744829234e+00,1.463164663009297151e+00
-1.361927183817627007e+00,1.120447509170286793e+00,-1.143997590912398943e+00,1.415871162126411731e+00,-1.143997590912398943e+00
-2.842140163960074517e+00,9.003409705294094234e-01,5.110936674669670499e-01,-3.731287319797357060e+00,5.110936674669670499e-01
-1.103572180736165809e+00,-3.405522465374657970e-01,-9.733218404302810267e-01,-1.039624526077192579e+00,-9.733218404302810267e-01
-7.829384508441157298e-01,4.715648462339519509e-01,-9.409406919142628833e-01,9.025817591613131130e-01,-9.409406919142628833e-01
-6.042799810572134778e-01,-5.870700948120972651e-01,-6.413540128556924902e-01,-1.138946169871420278e+00,-6.413540128556924902e-01
-9.651241975971041054e-01,-2.871352014412263953e-01,-8.899836045604311296e-01,-8.351739359423424602e-01,-8.899836045604311296e-01
-6.412435812898309440e-01,1.646100799483515287e-01,-1.851321195039246970e+00,1.865088102426715633e+00,-1.851321195039246970e+00
-4.741245838673379120e-01,-6.185566343140121992e-01,-9.177690785543705099e-01,-5.933000601356981374e-01,-9.177690785543705099e-01
-6.291835238751476433e-01,1.483070218281582919e+00,1.139635785214450303e+00,4.082214564758368525e-02,1.139635785214450303e+00
1.447235997467987811e+00,-1.736616141397296476e+00,-2.183573616675900109e-01,-4.650659723269584545e-01,-2.183573616675900109e-01
-1.080441151591888804e+00,-5.155337685702184869e-01,-1.633535203280995107e+00,-3.855209051278999377e-01,-1.633535203280995107e+00
-8.112215979980270664e-01,6.335605832284595396e-01,-1.187524245767869191e+00,1.496842706737515627e+00,-1.187524245767869191e+00
-1.417667368930222604e+00,1.532885743828991565e+00,1.526356950985259697e+00,-1.700872138560900915e+00,1.526356950985259697e+00
-8.189711262029220062e-01,3.885023455665206349e-01,-1.134241773755960914e+00,9.668762853679176983e-01,-1.134241773755960914e+00
-1.119942344501586140e+00,6.868693889665380414e-01,-1.551871159626135643e+00,1.604030957372845956e+00,-1.551871159626135643e+00
-5.968716422463264948e-01,1.704500197373593762e-01,-8.743638962331767850e-01,5.687280709494790809e-01,-8.743638962331767850e-01
-1.296662524271197103e+00,3.539689516820657134e-01,3.441909565544022387e-01,-1.961502382441169257e+00,3.441909565544022387e-01
-1.230636139796712714e+00,7.462294244173529600e-01,-4.962305075427364542e-01,4.031229138317260485e-02,-4.962305075427364542e-01
1.722550525849908531e-02,1.487498849939941081e+00,1.465963207617785979e+00,6.420649257968056300e-01,1.465963207617785979e+00
-5.669047430987463887e-01,1.604268535740281942e+00,1.899613261519215612e+00,-7.118972991030622088e-01,1.899613261519215612e+00
-1.220192959660426402e+00,1.831144405862935809e+00,-6.499243417552524882e-01,2.231609643921085073e+00,-6.499243417552524882e-01
8.523229909270918503e-01,-1.553111589933237280e+00,-2.188807911059895694e-01,-1.103258269655875923e+00,-2.188807911059895694e-01
-9.402163201238273871e-01,-1.111126126942008963e+00,-2.059556152679475893e+00,-6.299472292812025032e-01,-2.059556152679475893e+00
-1.070668382264379881e+00,-9.436440827301771639e-02,-7.022492430620808079e-03,-1.906026163311683508e+00,-7.022492430620808079e-03
-1.812846771453009431e+00,5.920627363965695888e-01,-6.069866465138664680e-01,-1.030736180403767577e+00,-6.069866465138664680e-01
-8.266099584802898415e-01,-9.376206843763562615e-01,-9.675181375497781122e-01,-1.673405869186319839e+00,-9.675181375497781122e-01
1.157861378884167625e+00,4.682276841158183184e-02,1.815861164945038908e+00,-5.912493254411969046e-01,1.815861164945038908e+00
-4.237872300454365027e-01,-1.165413944104745303e+00,-9.727365016093587613e-01,-1.420206862599922015e+00,-9.727365016093587613e-01
-1.151781054568292273e+00,1.460362099147268111e+00,-5.855697428531680959e-01,1.583373107373348354e+00,-5.855697428531680959e-01
-1.662293411867142856e+00,1.976285343547450113e+00,-3.724290090479932536e-01,1.380863084497779614e+00,-3.724290090479932536e-01
7.705064703072872501e-01,1.258062567240436636e+00,3.533378557483670246e+00,-1.462377776133979790e+00,3.533378557483670246e+00
-1.550722803191251442e+00,-1.420350856618692870e-01,-1.722032966370301565e+00,-3.535376501389946302e-01,-1.722032966370301565e+00
-4.148000502373579979e-01,3.784025021164859615e-01,-1.319980120451567984e+00,1.869866670986395807e+00,-1.319980120451567984e+00
-2.292194269104421700e+00,4.910638680599944683e-01,-2.268710710513524020e+00,3.514674823335868226e-01,-2.268710710513524020e+00
-1.023202919202363059e+00,1.597085102106483800e+00,-1.122657918874506278e+00,2.797925007966946875e+00,-1.122657918874506278e+00
-8.380457014470986676e-01,1.382149402322071507e+00,1.487850226802906795e+00,-9.733932779473457586e-01,1.487850226802906795e+00
-1.919794350990194243e+00,2.600406409796574447e+00,1.706721950899008355e+00,-8.483042770010819078e-01,1.706721950899008355e+00
-4.759484137999981934e-01,-1.004800397493076369e+00,-7.011192806124139087e-01,-1.598954576456039778e+00,-7.011192806124139087e-01
-2.118441058841630031e+00,3.069825723102876935e+00,-3.111895796076482590e-01,2.523519536189189783e+00,-3.111895796076482590e-01
-1.856422596127951685e+00,-3.140713003114517510e-01,-2.644192620927886761e+00,1.395381790320651128e-01,-2.644192620927886761e+00
-1.142054968407199000e+00,-8.387050332751342374e-01,-2.361076763010291124e+00,-4.188770228240046301e-02,-2.361076763010291124e+00
-1.202941114647038567e+00,-6.338510005766422317e-01,-1.508541372257625524e+00,-9.751725592586864000e-01,-1.508541372257625524e+00
-9.880739553285992072e-01,8.153095411220158129e-01,-1.551528500950567935e+00,2.050273468875410732e+00,-1.551528500950567935e+00
-1.320873934664469118e+00,1.487144238322472667e+00,-1.614172960460880768e+00,2.808144449381458241e+00,-1.614172960460880768e+00
-4.376182052539769884e-01,-6.438806262275718062e-01,-4.418871080599113821e-01,-1.251302112089130114e+00,-4.418871080599113821e-01
-1.567776108208927877e+00,1.272510515171667855e-01,-8.785018866814364724e-01,-1.086400503457704891e+00,-8.785018866814364724e-01
-2.167331468748427525e+00,1.628913420121897104e+00,9.560370901822767831e-01,-1.944774826307110738e+00,9.560370901822767831e-01
-6.905042805322763044e-01,-8.677579376545532241e-01,-1.413651667711967708e+00,-6.956101385397905901e-01,-1.413651667711967708e+00
5.855568880617340044e-01,-1.023716773204995378e-01,1.868163752013373813e+00,-1.867377800826230949e+00,1.868163752013373813e+00
-8.514927954120055098e-01,-4.374479034676307387e-01,-4.296654268471432614e-01,-1.570944430393328872e+00,-4.296654268471432614e-01
-6.671951831806093303e-01,-1.445482446230536455e+00,-1.761783216393653762e+00,-1.208391609472297512e+00,-1.761783216393653762e+00
-2.985222971708955120e-01,-2.823309747649783708e-01,-1.359096024287324456e+00,9.226519228835482478e-01,-1.359096024287324456e+00
-5.410527082552896161e-01,-3.798172957669517791e-01,-1.586229481285394316e+00,6.719987951500192569e-01,-1.586229481285394316e+00
-4.322248265200856476e-01,-1.440687172205403987e+00,-1.573449204541971014e+00,-1.082512299304054126e+00,-1.573449204541971014e+00
-4.122863143516266593e-01,9.119419948860509884e-01,1.029130197268822267e+00,-4.798926413396950030e-01,1.029130197268822267e+00
-1.627147426399401020e+00,1.391172842539295074e+00,1.150991658394363792e+00,-1.768156524522387141e+00,1.150991658394363792e+00
-3.500140019747357556e-01,-1.298818145696361004e+00,-1.732003136971693280e+00,-4.686821313277409473e-01,-1.732003136971693280e+00
-4.693378135854705535e-01,6.185361379269067594e-01,2.182195105878308450e+00,-2.730112902253934770e+00,2.182195105878308450e+00
1.457210487473404648e+00,-2.744523043811420315e+00,-1.700234800185202122e+00,-1.750855521579237628e-01,-1.700234800185202122e+00
6.420751379338662801e-01,-6.104316158318365826e-01,1.193535916730744662e+00,-1.739392065186003755e+00,1.193535916730744662e+00
1.291525801416165242e+00,-1.970164530674300751e+00,-6.319110195469830327e-01,-5.564464784544291831e-01,-6.319110195469830327e-01
1.028968211385192566e+00,-6.789934565089255081e-01,1.012295309530903520e+00,-9.763937837171012823e-01,1.012295309530903520e+00
1.234975059140533515e+00,-5.054119970049195665e-01,1.047666864979958978e+00,-3.772840848987426554e-01,1.047666864979958978e+00
2.515289458901264208e-01,-1.814783616609814132e+00,-1.749659207647845438e+00,-3.938054025756516641e-01,-1.749659207647845438e+00
7.505348924723634907e-01,-2.670043681452097584e+00,-1.519265665972907353e+00,-1.448422217091075215e+00,-1.519265665972907353e+00
-1.404129738225961432e+00,1.410169271686957604e+00,-1.017312728587514759e+00,1.690895923835040948e+00,-1.017312728587514759e+00
-1.022858335509229999e+00,2.288035917609655190e+00,2.700928751162905428e+00,-1.353013939223039142e+00,2.700928751162905428e+00
-7.458474309646017097e-01,-1.147153560203943767e+00,-1.437694388037536797e+00,-1.255958937720092816e+00,-1.437694388037536797e+00
-1.505896199419952453e+00,2.921385834363434242e+00,2.148150987861743300e+00,-2.175746662428287292e-01,2.148150987861743300e+00
-2.936428868756744137e-01,8.050535390536321945e-01,1.833103573296468891e+00,-1.614313280517777560e+00,1.833103573296468891e+00
1.374789942939681486e+00,-1.876417542887245604e+00,-4.514506976034753372e-01,-5.063272020558124975e-01,-4.514506976034753372e-01
-5.307086424625195864e-01,1.868465025787692690e+00,1.088324203771671383e+00,9.691119508761334433e-01,1.088324203771671383e+00
-1.016200381036211020e+00,7.986784069610207704e-01,-1.144897453459179149e+00,1.400338651325027328e+00,-1.144897453459179149e+00
1.094764177477979272e+00,-1.004788933327661615e+00,5.104807903362071908e-01,-7.484320668380074482e-01,5.104807903362071908e-01
2.462486634582372602e-03,-4.230649228774363557e-01,2.675746761406720964e-01,-1.136989063589000981e+00,2.675746761406720964e-01
-1.441073077932133462e+00,9.019415266938988207e-01,1.298673770717645448e+00,-2.555880216994527387e+00,1.298673770717645448e+00
-2.308035906520522484e+00,3.001949112828063093e+00,-1.406127286923120057e-01,1.851118056727669270e+00,-1.406127286923120057e-01
-1.315652474966303664e+00,1.122514180578152221e+00,1.204714281397147202e+00,-1.820801586617053935e+00,1.204714281397147202e+00
-8.053686584679062843e-01,8.338694465307594506e-01,6.505900144899645632e-01,-7.272405365938272581e-01,6.505900144899645632e-01
-8.682773601995513735e-01,2.174137037846509024e+00,1.801199465718798631e+00,-3.624319983760115882e-02,1.801199465718798631e+00
-2.755318288221672240e+00,2.613552634831570298e+00,1.404691737345453939e+00,-1.760489662717648063e+00,1.404691737345453939e+00
-1.366738185171766595e+00,1.182084342256519705e+00,1.181027192170926998e+00,-1.763184544212396565e+00,1.181027192170926998e+00
1.813611070844723727e+00,-3.068025574562670332e+00,-2.093834476507888898e+00,3.780614915070283910e-01,-2.093834476507888898e+00
-7.736510553716705596e-01,6.704003212350630181e-02,5.176442562290575200e-01,-1.871269005698906973e+00,5.176442562290575200e-01
-1.004242244092134584e+00,2.732229687165417809e-01,4.381595806624931644e-01,-1.763054281915460431e+00,4.381595806624931644e-01
-2.019508203361942478e+00,-3.166560964237234432e-01,-2.902315678014141476e+00,2.333794450447452817e-01,-2.902315678014141476e+00
-1.401476063040952180e+00,3.913107468118890431e-01,-7.003307581518334324e-01,-5.904012404568050876e-01,-7.003307581518334324e-01
-1.062732143369121030e+00,2.229063414541808896e+00,1.605564417382815190e+00,2.198802919994036209e-02,1.605564417382815190e+00
7.775961099740685833e-01,5.684482696423367454e-01,2.657585948440358337e+00,-1.458526100542180126e+00,2.657585948440358337e+00
-7.861048919306101723e-01,3.208806283086289568e-01,-1.668632780691798878e+00,1.652907370268576592e+00,-1.668632780691798878e+00
1.048690603534817134e+00,-9.548291649210277621e-01,6.042725328741269664e-01,-8.658345091717380981e-01,6.042725328741269664e-01
-1.288143236257730084e+00,-1.504092370563145931e-01,-1.059311719822405351e+00,-8.761287880525360228e-01,-1.059311719822405351e+00
1.029013222238759351e-01,-1.276324284629790196e+00,-6.111511394147550735e-02,-2.048550675356531681e+00,-6.111511394147550735e-02
-2.811998824533271657e-01,-3.620124935048686377e-01,-1.737164663854200430e+00,1.340890283351822365e+00,-1.737164663854200430e+00
-1.104657311596946467e+00,2.165370204967611012e-01,8.005667701119528745e-01,-2.540682483163184457e+00,8.005667701119528745e-01
-7.435291658566890449e-01,-9.254431084091004900e-01,-1.613669287416708897e+00,-6.037556527341318979e-01,-1.613669287416708897e+00
1.128675795611579158e+00,-1.999819779600172209e+00,-8.022032169900177312e-01,-6.350560689252484625e-01,-8.022032169900177312e-01
-1.751237443080201128e+00,2.128986846315213288e+00,-3.429702273572646787e-01,1.469740835837043846e+00,-3.429702273572646787e-01
-1.233872648825081297e+00,-1.260283690560739245e-01,-1.119112629263275593e+00,-6.592311799515415682e-01,-1.119112629263275593e+00
-1.144963765889791318e+00,3.670834466559926845e-01,1.443230918949791608e-01,-1.408333253964285436e+00,1.443230918949791608e-01
-1.148731496416962816e+00,-2.239553751048384000e-01,-1.318169911831682750e+00,-4.160562702776406940e-01,-1.318169911831682750e+00
-1.357327379079573459e+00,1.404208777803826136e+00,-7.634175946981461847e-01,1.398010091492667861e+00,-7.634175946981461847e-01
-1.147317346947215100e+00,9.921817808207676892e-01,-1.069985882928641940e+00,1.429895834951042666e+00,-1.069985882928641940e+00
-2.199222195711397543e+00,1.840844233610134273e+00,9.822413801472025252e-01,-1.651423214630092229e+00,9.822413801472025252e-01
-8.542104721479882867e-01,4.424161131301174721e-01,-1.056590939731715029e+00,8.970594878762379043e-01,-1.056590939731715029e+00
-6.106448583162733534e-01,-5.025652649439310560e-01,-1.013908497713489565e+00,-4.709064217491016890e-01,-1.013908497713489565e+00
-1.694886683434766894e+00,2.172102959220572505e+00,9.309748906371706489e-02,1.023775698168029713e+00,9.309748906371706489e-02
-1.821092750881319056e-01,8.057563845584957418e-01,1.158351317733463004e+00,-4.785946451549101255e-01,1.158351317733463004e+00
-9.247327747158324840e-01,-7.508172408835116496e-01,-1.786099542903001325e+00,-3.407294671487750559e-01,-1.786099542903001325e+00
-1.417055441896174051e+00,3.142243379826685779e-01,-4.399089913761817794e-01,-1.122530932573907458e+00,-4.399089913761817794e-01
-5.731958114432836870e-01,1.120527505985504879e+00,9.403818132177027556e-01,-2.406509244290537808e-01,9.403818132177027556e-01
1.489520626460269836e+00,-2.385713994444560004e+00,-1.158622169729983220e+00,-2.397140654239524604e-01,-1.158622169729983220e+00
-5.100002291111640496e-01,-1.050317753998645021e+00,-1.035362789132236117e+00,-1.264716433573819465e+00,-1.035362789132236117e+00
-8.402842356371911237e-01,6.480693660540737255e-01,-1.464400010458080104e+00,1.866518094740562628e+00,-1.464400010458080104e+00
-1.449295637582004526e+00,-5.081578909894943763e-01,-2.011006649511378086e+00,-4.407176738982262476e-01,-2.011006649511378086e+00
-2.703811260866559429e+00,4.182856893057477876e+00,4.538094984860223668e-01,2.497095306381737601e+00,4.538094984860223668e-01
-9.767633149481887989e-01,4.854319518324024529e-01,6.986109148323673690e-01,-1.703104033895406211e+00,6.986109148323673690e-01
-7.053674463042463039e-01,-9.906376707793863590e-01,-1.666591514040922206e+00,-5.844368280120599835e-01,-1.666591514040922206e+00
1.043004112661716443e+00,-1.381575521911359905e+00,-3.027509388798499401e-02,-7.491588811018096150e-01,-3.027509388798499401e-02
1.571961689476160551e+00,-2.459711326120877839e+00,-1.139026269079462139e+00,-2.664591300936095530e-01,-1.139026269079462139e+00
-3.836894380045574593e-01,-4.042467048073227764e-01,-1.521804787160940364e+00,7.935495901464562074e-01,-1.521804787160940364e+00
-1.938388394012731109e-01,1.516460281961248491e+00,1.877810246142023409e+00,-2.312561067324948594e-01,1.877810246142023409e+00
-9.988292659506573523e-01,1.811611750741348503e+00,1.894937937243265758e+00,-1.035472210156461070e+00,1.894937937243265758e+00
-9.016349034351873737e-01,8.865036513944698493e-01,-1.156164737149455002e+00,1.761486689464553113e+00,-1.156164737149455002e+00
-1.826888391919966992e+00,2.280729479543617266e+00,1.770184212971794180e+00,-1.363145170616990809e+00,1.770184212971794180e+00
-2.246078357378893386e+00,2.229231215797378596e+00,1.056453073567717116e+00,-1.131904406638010396e+00,1.056453073567717116e+00
-1.755775992846324129e+00,2.745681139068367194e-01,-1.089527781822647201e+00,-8.292348064694122778e-01,-1.089527781822647201e+00
-1.034372281563846752e+00,1.086955750913724428e+00,-8.145959436236503981e-01,1.424478183515287544e+00,-8.145959436236503981e-01
-8.386109230934397640e-01,-4.363777435656344128e-01,-1.267750789614298768e+00,-3.648228437178934191e-01,-1.267750789614298768e+00
1.093262551199798205e+00,-3.710429057837133504e-01,1.469902649319557719e+00,-9.620298804471069110e-01,1.469902649319557719e+00
-1.017741241034998856e+00,1.757947621916334247e-01,-1.418602767412202148e+00,6.604955598923774041e-01,-1.418602767412202148e+00
-1.726154667320645597e+00,4.769132773244306733e-01,-1.418477047886929521e+00,4.851390244182329781e-02,-1.418477047886929521e+00
-5.686446875525235090e-01,-1.608722664033684080e-01,3.377435085355036115e-01,-1.694207295001270541e+00,3.377435085355036115e-01
-6.379193361222912362e-01,-4.164520289615986637e-01,-7.762376217187937355e-01,-6.955579981489297126e-01,-7.762376217187937355e-01
2.147930555446759371e+00,-2.382862259955726536e+00,-1.339521070203781861e+00,1.094340079466670890e+00,-1.339521070203781861e+00
-3.619501619539169379e-01,1.484756536533312188e+00,1.161381581626208970e+00,4.488815852675511753e-01,1.161381581626208970e+00
-7.811940062981550525e-01,4.862734829486872745e-01,-1.351474207244553360e+00,1.511542452594324626e+00,-1.351474207244553360e+00
-1.426623203696562481e+00,1.529580636389913151e+00,-2.567662003620088118e-01,7.959302458921536649e-01,-2.567662003620088118e-01
-7.696085083730773713e-01,-4.773497271253364094e-01,-1.211607094224059322e+00,-4.054956800458637822e-01,-1.211607094224059322e+00
-1.052802533136460106e+00,-2.019210056104921713e-01,-7.692878875786163251e-01,-9.947919270333343000e-01,-7.692878875786163251e-01
-6.805608235984554888e-01,-2.297268263605513061e-01,-1.069300214992609410e+00,-1.447576431305352962e-02,-1.069300214992609410e+00
-6.795071997866826141e-01,-1.088722984582667141e+00,-1.903761864197667908e+00,-3.843965080602033124e-01,-1.903761864197667908e+00
-2.676386972345230042e+00,1.618478892394519697e+00,1.042870956253452830e+00,-2.916191793022726131e+00,1.042870956253452830e+00
1.046892047162147454e+00,-5.688324214172876259e-01,1.030938298847747125e+00,-7.747482068831386126e-01,1.030938298847747125e+00
-4.242118304344821844e-02,-8.617515765772713054e-01,-1.378566288475332025e+00,3.223765621760815714e-01,-1.378566288475332025e+00
7.696894549102122340e-01,-9.999750480419897780e-01,6.514634654153506066e-01,-1.468809286960639504e+00,6.514634654153506066e-01
-2.840868461235244169e+00,1.771419028442724697e+00,1.664915124033070404e+00,-3.786642259095128971e+00,1.664915124033070404e+00
1.218200402435588359e+00,-2.784862819572014203e+00,-1.689785144598534128e+00,-6.523148397376491436e-01,-1.689785144598534128e+00
1.458736744139690344e+00,-1.834034787467714978e+00,-4.045005929736469330e-01,-3.592744996763832521e-01,-4.045005929736469330e-01
-1.484399356338184761e+00,2.049061476268431825e+00,1.419706109231463786e+00,-7.278803304797913931e-01,1.419706109231463786e+00
-9.620963474776026425e-01,7.953338570586523382e-01,-1.468132572253073809e+00,1.938855064257028582e+00,-1.468132572253073809e+00
6.750256994426999668e-01,1.650844055091547524e+00,3.950481097780713213e+00,-1.498296548364798975e+00,3.950481097780713213e+00
7.069717658534038218e-01,2.964181471902694875e-01,2.201750453080708603e+00,-1.420908519631707501e+00,2.201750453080708603e+00
-8.239120239785254762e-01,-6.228637199006530345e-01,-1.186989794725438419e+00,-7.913112499493046847e-01,-1.186989794725438419e+00
-8.426017378047130357e-01,-3.648708767003075448e-02,-9.565381864780120313e-01,-8.925123074442709026e-02,-9.565381864780120313e-01
1.675583767542464075e+00,-7.171400131513869791e-01,8.622117913842467507e-01,2.209607811637563923e-01,8.622117913842467507e-01
-1.171862549146142740e+00,-4.585128116933247511e-01,-1.375153281208108424e+00,-7.964869698042367219e-01,-1.375153281208108424e+00
-8.693599447722271112e-01,-2.161105831975664981e-03,-1.285007421612107681e+00,3.927719047933729835e-01,-1.285007421612107681e+00
2.525954834022459128e-01,-1.457346855730806467e+00,-2.140341055312426910e+00,8.043377856896836153e-01,-2.140341055312426910e+00
-2.963383157931759326e-01,-2.468440337391050732e-01,-1.277326511002912834e+00,8.747945459589130390e-01,-1.277326511002912834e+00
4.388886543008840846e-02,-1.021811565194707505e+00,-1.912794081979288130e+00,9.285486651575842743e-01,-1.912794081979288130e+00
1.749760003341104930e+00,-2.719025072413212563e+00,-1.566765650949633049e+00,1.594815589141584944e-01,-1.566765650949633049e+00
-1.800326417628542730e-01,-6.038893127410134287e-01,-1.940551588941941574e+00,1.356608759982674606e+00,-1.940551588941941574e+00
-1.645291302193247152e+00,2.381413917866128660e+00,2.133649930901682534e+00,-1.398542972463071576e+00,2.133649930901682534e+00
4.802960112316433383e-01,5.911298546407708354e-01,2.714713606854311401e+00,-1.982998119758312416e+00,2.714713606854311401e+00
5.372709092826173372e-01,8.517557028176907519e-01,1.314534596025694446e+00,5.568283454192122228e-01,1.314534596025694446e+00
-9.317352347202434437e-01,1.536196764954200766e+00,1.203523170873359804e+00,-4.468301209007913277e-01,1.203523170873359804e+00
-1.517221062615977001e+00,-4.363816377085624199e-01,-1.861342145822148186e+00,-6.332697420823163448e-01,-1.861342145822148186e+00
-5.233995745693038604e-01,3.318670920792827217e-01,3.423254069967607283e-02,-3.029989938260958526e-01,3.423254069967607283e-02
9.783427844724015277e-01,-1.014606880054220728e+00,5.169042556284716428e-01,-9.650352239928641218e-01,5.169042556284716428e-01
-1.881515769466623578e+00,2.041277380443625500e+00,1.973940339570398050e+00,-2.171865583769815977e+00,1.973940339570398050e+00
-2.120432437334862641e+00,1.076357791195924340e+00,-7.480893505704739876e-01,-4.593277742628872895e-01,-7.480893505704739876e-01
-1.878119359322861781e+00,-5.397070042814663404e-01,-3.300694839614400244e+00,6.239269826710960309e-01,-3.300694839614400244e+00
-1.137606146659236872e+00,2.338033021581837345e-01,-2.516173283248166470e-01,-1.077808302426031206e+00,-2.516173283248166470e-01
6.838559786604232471e-01,-7.168500612716720566e-01,9.220465545287587217e-01,-1.479976672135760563e+00,9.220465545287587217e-01
1.640359258459743952e+00,-2.080336090159168982e+00,-7.740570575850820312e-01,1.423598362467992651e-02,-7.740570575850820312e-01
-2.791427200473756809e+00,1.120184282175563428e+00,4.558141441321091891e-01,-3.173940811288054942e+00,4.558141441321091891e-01
-1.889478215339254641e+00,2.561092767512729296e+00,-4.576338613900006180e-01,2.185781738199822577e+00,-4.576338613900006180e-01
1.777490746960475043e-01,1.988875903777079790e+00,1.888847117314846447e+00,1.211309493068088106e+00,1.888847117314846447e+00
-9.575834287950716339e-01,-8.584222976881422662e-01,-1.636124709476582950e+00,-8.001519247802191259e-01,-1.636124709476582950e+00
4.070179327274464631e-01,1.252802021133092136e+00,3.507238098558469019e+00,-2.027622847027920727e+00,3.507238098558469019e+00
-1.425007267315109072e+00,-6.129057307863962079e-01,-2.393080894674988635e+00,-5.068849476607539817e-02,-2.393080894674988635e+00
1.432689927677844866e+00,-2.784664687923421589e+00,-1.561325154202809706e+00,-4.835940894422542380e-01,-1.561325154202809706e+00
1.005753078671244083e+00,1.006850509797282411e+00,3.053872284486751632e+00,-8.550697027970706188e-01,3.053872284486751632e+00
-1.913490984623452684e-01,-5.177698389361184983e-01,-1.774646432325622802e+00,1.259304587473818238e+00,-1.774646432325622802e+00
-8.708556386903594237e-01,1.350441698897102194e+00,1.495955356031735128e+00,-1.095535362705858606e+00,1.495955356031735128e+00
-1.634820748378591038e+00,3.458757504454352816e-01,-9.878003938722218491e-01,-6.469907059432973284e-01,-9.878003938722218491e-01
-1.233002940266728409e+00,1.195284837165104808e+00,6.609323986502897430e-01,-7.870611866637399201e-01,6.609323986502897430e-01
-7.448543825146018982e-01,3.856121847072236930e-01,1.115261612147505854e+00,-2.093283326667730204e+00,1.115261612147505854e+00
-1.339933934959872230e+00,1.323629070903756810e+00,-7.302684970872841408e-01,1.234197229101245741e+00,-7.302684970872841408e-01
-4.535892153329323939e-01,1.315897109025397915e+00,1.036225989101819067e+00,1.715195011832368888e-01,1.036225989101819067e+00
3.669994171382622294e-01,-1.988638049751604520e+00,-2.136739507321185894e+00,2.728651646551116805e-02,-2.136739507321185894e+00
-1.585801763766670813e+00,-7.661472342211900211e-02,-1.461037573078979968e+00,-6.611750908859892473e-01,-1.461037573078979968e+00
9.616982127783204604e-01,-1.638126656666828440e+00,-1.377316106545936059e-01,-1.192864231538105280e+00,-1.377316106545936059e-01
-4.196523149991260304e-02,1.524767872941285685e+00,1.584158088156480071e+00,4.459282527927537210e-01,1.584158088156480071e+00
-1.508628575657108506e+00,-1.568699085342524224e-01,-1.644415371021002326e+00,-4.212460081042369575e-01,-1.644415371021002326e+00
-1.512678267958216249e+00,-7.463758121740828866e-01,-2.760740502531738194e+00,8.462587982522884467e-02,-2.760740502531738194e+00
-4.212145285263210193e-01,-7.556444408067491958e-01,-1.196948666780781378e+00,-3.602123191728348051e-01,-1.196948666780781378e+00
-7.702269800729446558e-01,1.156609867728091851e-01,-9.086823839491602328e-01,2.356818969114109485e-01,-9.086823839491602328e-01
8.942907705039178090e-01,8.164514878690724009e-01,2.974327890139299768e+00,-1.268005285147326688e+00,2.974327890139299768e+00
-5.629915294248541979e-01,8.222426573012672213e-01,1.394309903050256594e+00,-1.402991108429957556e+00,1.394309903050256594e+00
-6.755404854211100041e-01,-7.789623435709662758e-01,-1.241653111045057045e+00,-7.538395490985873026e-01,-1.241653111045057045e+00
-1.699764016797224553e+00,2.489135193105854071e+00,1.903358746532437085e+00,-9.679008588610902297e-01,1.903358746532437085e+00
-1.517971826716730810e+00,1.737422907583018539e+00,1.426941891659039285e-03,6.574452366122662816e-01,1.426941891659039285e-03
-1.654720545202276849e+00,2.647118146505343939e-01,-6.401362948524098595e-01,-1.316687454431659798e+00,-6.401362948524098595e-01
-7.111979364718542529e-01,2.366380548038932996e-01,-1.783205238904923995e+00,1.784810184536688604e+00,-1.783205238904923995e+00
-6.566698618477284644e-02,-1.070973846213554959e+00,-1.609645158809153598e+00,2.332493447619455873e-01,-1.609645158809153598e+00
1.463598532929175855e+00,-1.759906113198283384e+00,-3.198140866376586455e-01,-3.371705809133465070e-01,-3.198140866376586455e-01
-3.048625730151327540e-01,-1.063247963992823175e+00,-1.469282904406631340e-01,-2.207840891681084550e+00,-1.469282904406631340e-01
-1.304331196004604010e+00,2.554930821428508914e+00,1.192630037320409286e+00,7.989324960628891859e-01,1.192630037320409286e+00
-6.763870457996273844e-01,5.452516548998638246e-01,-1.737897100307273845e+00,2.334371665832092546e+00,-1.737897100307273845e+00
-1.154062538370714597e+00,5.974322457810969933e-01,6.400700887791710425e-01,-1.707480455498126881e+00,6.400700887791710425e-01
-1.147052116547176093e+00,8.746939459290247187e-01,1.249162752840619506e+00,-2.055745213629214252e+00,1.249162752840619506e+00
1.103933417048264642e+00,-2.747623731486537046e-01,1.362247674759595073e+00,-6.189476111174936346e-01,1.362247674759595073e+00
8.635780256665408494e-01,-7.610206582024374722e-01,7.808381586726518275e-01,-1.067277912022829511e+00,7.808381586726518275e-01
-1.380085011609485157e+00,3.196627169718364581e-01,-6.369299032548367823e-01,-7.742911681273456637e-01,-6.369299032548367823e-01
1.572085270597790352e+00,-1.685141792258095350e+00,-2.982270934125972328e-01,-5.587973746001784203e-02,-2.982270934125972328e-01
1.096334402192508550e+00,-1.481965515970287806e+00,-5.110452675072107986e-02,-8.139117425270480100e-01,-5.110452675072107986e-02
-5.998586707076362101e-01,3.329680361448865145e-01,-1.316939164170951582e+00,1.481872007154448001e+00,-1.316939164170951582e+00
-1.373789365166173670e+00,5.473018685083940599e-03,-8.163203615873346752e-01,-1.077595307026397276e+00,-8.163203615873346752e-01
8.000553161840719962e-01,-9.791918466551906564e-01,7.544264447138940843e-01,-1.527164136788392801e+00,7.544264447138940843e-01
1.196488308196862915e+00,-7.199041152158452972e-01,9.922383550609592540e-01,-7.487472492782867306e-01,9.922383550609592540e-01
1.322040351808083436e+00,-1.893401001749565493e+00,-5.274929449854541819e-01,-5.156193667627699817e-01,-5.274929449854541819e-01
1.554286432649378380e+00,-2.291000122969469643e+00,-1.071993811384777118e+00,-8.554196170683603384e-02,-1.071993811384777118e+00
-6.069708976517640409e-01,-8.589356722283814083e-01,-7.393042988662588133e-01,-1.495521106446762394e+00,-7.393042988662588133e-01
-6.960403100569807489e-01,1.405553379458887697e+00,1.221481364634684930e+00,-3.235813484463754275e-01,1.221481364634684930e+00
-1.143386856678559660e+00,2.101859310390062241e+00,2.198498372817853763e+00,-1.176094571806348466e+00,2.198498372817853763e+00
-1.316671037220089602e+00,-4.202430111135712631e-01,-1.889184751080709379e+00,-2.378548587816128324e-01,-1.889184751080709379e+00
-9.495359798775964144e-01,-1.207367725267709663e-01,-2.297289676499515432e-01,-1.441689772143649684e+00,-2.297289676499515432e-01
1.050528965530431957e+00,-4.161044721109656841e-01,1.328513812824219098e+00,-9.133921213621313262e-01,1.328513812824219098e+00
-3.786685420171362892e-01,-7.630888750102310381e-01,-1.275810882972128635e+00,-1.929369660416160315e-01,-1.275810882972128635e+00
9.096693450829532734e-01,1.779781403718424387e-02,1.867900536497815400e+00,-1.121751836119459167e+00,1.867900536497815400e+00
-1.838769664701437101e+00,4.032084049248347291e-01,-1.401416550097429825e+00,-2.921581533448758261e-01,-1.401416550097429825e+00
-9.565317896961527122e-01,4.811533331936083124e-01,-1.294198750021132938e+00,1.135561328876590670e+00,-1.294198750021132938e+00
1.416636051694669440e+00,-2.666688134144008515e+00,-1.238860154366436817e+00,-7.521764845739123961e-01,-1.238860154366436817e+00
1.032218243407624803e+00,-2.395643068844202084e-01,1.707575818654825772e+00,-1.159902162589167229e+00,1.707575818654825772e+00
-3.032453681082609709e-01,-1.397649732290452640e+00,-1.710448818864288789e+00,-6.011583830365414549e-01,-1.710448818864288789e+00
-1.096777880261107230e+00,1.291896722228841554e+00,-9.412785016592831733e-01,1.871307441873925281e+00,-9.412785016592831733e-01
1.110333400016154215e+00,-1.088375114789836173e+00,5.043853973882832520e-01,-8.652388789737929242e-01,5.043853973882832520e-01
-2.020760556362424243e+00,1.022260481348244321e+00,-4.643078506204950662e-01,-7.950473336153728310e-01,-4.643078506204950662e-01
1.067800118874522752e+00,-1.732184599246338941e+00,-3.532251386720381969e-01,-8.853289128716109735e-01,-3.532251386720381969e-01
-1.846890989983570375e+00,5.482125979925410730e-01,4.202327865620150149e-01,-2.615556174955130597e+00,4.202327865620150149e-01
-1.830668000203344414e+00,2.116453117735334732e+00,1.769217554269603809e+00,-1.664313082846312852e+00,1.769217554269603809e+00
-1.319849778905034521e-01,-1.149546435984503345e+00,-1.403332377574256995e+00,-3.078999250012413036e-01,-1.403332377574256995e+00
-2.939250990659753038e-01,6.547136513950294612e-01,1.365415467692190576e+00,-1.225730734009840450e+00,1.365415467692190576e+00
1.044197264572133577e+00,-1.307998236964611483e-01,1.552582959947400365e+00,-7.253343472567181927e-01,1.552582959947400365e+00
-1.322314529190380838e+00,1.803710036563057617e+00,-7.075843239432850762e-01,2.097011664721675661e+00,-7.075843239432850762e-01
9.168088921895384269e-01,4.393072383905946010e-01,2.469338568703935088e+00,-1.198762939502732383e+00,2.469338568703935088e+00
-6.055402296387304428e-01,-1.933415958111703636e+00,-2.631061230580190369e+00,-7.609185208299591441e-01,-2.631061230580190369e+00
-9.018547113413870608e-01,-7.157115348844965697e-01,-1.291849852892566819e+00,-9.378623425034537942e-01,-1.291849852892566819e+00
7.819247110340332707e-01,-2.627967826871739909e-01,1.440615002333029526e+00,-1.233024680687406116e+00,1.440615002333029526e+00
-5.110748966974762997e-01,-6.806625492237307062e-01,-6.421340968506747959e-01,-1.154725926599572627e+00,-6.421340968506747959e-01
5.535111869867086476e-01,7.778984715350958368e-01,2.913899645742498823e+00,-1.807880118923273827e+00,2.913899645742498823e+00
-6.733103441208219131e-01,2.455787921016370223e-01,-1.129489958937038185e+00,9.398164824523597138e-01,-1.129489958937038185e+00
9.862776509622560583e-01,-1.668074048582783409e+00,-2.917713065272591333e-01,-9.893467146720070771e-01,-2.917713065272591333e-01
-1.443036428241323055e+00,2.161068257949571692e+00,1.579357727481136564e+00,-6.837603517198520553e-01,1.579357727481136564e+00
-1.717560041151031225e+00,5.443447946595795228e-01,-5.336496379904913656e-01,-1.064996519213743831e+00,-5.336496379904913656e-01
-2.066102278987171914e-01,3.392660611128254233e-01,1.659862943582461892e-01,4.085999866587686213e-02,1.659862943582461892e-01
