feature_1,feature_2,feature_3,feature_4
-1.0517129647530323,0.8387298042009839,-0.8511599156025755,1.000001674933996
1.258162702668056,-2.007668148766366,-0.6552179549391621,-0.6456001118182877
-0.7967141718208295,-1.0153723889756259,-1.9477401523191975,-0.3810807349670882
-1.1008577314805335,1.0900010826684732,-0.8769517823518734,1.4096017531959764
0.67284225412897,1.3027795790397891,3.5404407712644366,-1.5509133823395702
0.5739062744723636,0.6640563885467534,2.7716776397097127,-1.7792229314087487
-0.934804792472056,-0.8016564122674973,-1.475013344258178,-0.8880537923822727
0.6320302338043509,-0.8808685424424743,0.7344630178519727,-1.5955564627158685
-1.365707890494064,1.4756333102172778,1.226043921444521,-1.2954680942814398
0.9782832316558819,-1.6496058598042609,-0.1773566756968925,-1.1305906914353137
-1.3361000567364179,-0.2412723490463184,-1.3318072401154717,-0.7335446513511673
-1.8012624192011537,2.0537486741894604,-0.08511234529724987,0.8884024781073562
0.8805300031385763,-0.08225397197648841,1.8000270788973731,-1.2539436679982123
-0.2454757559692864,1.5300033005143399,1.8702343819776053,-0.2803205151557415
-0.9332913771898147,-0.34850905410556654,-1.4237981449445267,-0.14036990983408537
0.7382726368690076,-0.5870953211684659,1.059169776987404,-1.3507489114218378
-1.4816235157793043,-0.6949176978747953,-2.489148592904823,-0.15533129698472592
-1.4415835283217096,1.6264429686988415,1.6945121811384762,-1.8084780025246807
-1.0725859322729532,0.1577094122453573,0.41055170702767446,-2.0439082287510626
-1.1320311743741451,0.687771940276527,0.8076133652689342,-1.7451108188658335
-1.0317124895956928,1.7839331626281931,1.6908997137948338,-0.850966356689265
0.5337536973772887,0.8544268622798092,2.926473616641754,-1.7197813816860998
-1.5651699732064908,0.2775120917479453,0.5315725096686892,-2.8017729122923596
-0.7083993117407752,0.09360041775923848,-1.534991390775202,1.180897953902904
-1.071443257269647,0.4144478880716651,-1.2136268935516037,0.7141088615010478
-1.5698886432709995,1.5877661664835625,-0.5657098551239652,1.1034704151255024
0.4820597859505989,0.3346102965960128,2.2392902946646136,-1.7717174225619523
-0.13704178173124615,-0.03684883434864745,1.035692846070214,-1.7520864804753835
0.9814101686535815,-0.056308706870509054,1.7521866246741131,-0.9751134505260256
-1.5065268803673164,1.4831051880962796,1.887459426259526,-2.4453593528346613
-0.39154391109511527,-0.32355950408067424,-1.5915363800811864,1.024755660813573
1.1930450398271286,-2.304959997647457,-0.8614018627894128,-0.9970302493545277
-1.7092849778138235,0.26129396319370607,-1.6874665062101877,0.06677431376399157
-0.5283212244379668,-0.9285918763458128,-0.9392939680829552,-1.2106108773292898
-0.48712088693281475,0.20185636900564652,-0.08305689643512147,-0.3128129048570037
-1.6006949876418584,-0.7266170590767227,-2.67792293613142,-0.1401562356305832
1.6790764533527582,-3.141777845445565,-2.036013549277944,-0.05597999368758966
0.5701050360720814,-1.9947654126332064,-0.6333556264374514,-1.7750478608378306
-1.1467092962139722,0.8632614476272593,-1.1348156461919503,1.289827790670579
0.38536587974077,1.7152720658247103,1.7546283191191288,1.2457030068073596
0.0740157029357349,-0.551787576392487,-0.3742612710478923,-0.3464236748928981
1.0530963981155017,0.8471300111441683,2.847471335918311,-0.7746369085213174
-1.867925073051408,1.0495188315210644,-0.6595312089566461,-0.22106494852920144
-1.4887412553369364,2.1473044315475343,1.3603731334710985,-0.4739553577019784
-1.0668872829022624,-0.9951324530549683,-2.501520032842892,-0.003264302826873844
-1.645449464710532,-0.03216896705465494,-1.8567118073819135,-0.11964213683070168
1.0455491122003209,1.6845188487530531,1.9954877162993647,1.9265944644873931
-1.1879770238723435,0.6199246411854863,0.37535890112338177,-1.3484863304766588
1.0646625499015183,0.22816966169028916,2.1997342678446015,-0.9579829453606371
0.7415074342195355,-0.7230469139740167,0.8428563988772002,-1.2853584979740018
-0.7535343991519606,0.1155504042420487,-1.120353107493354,0.5615305115922593
-1.4494054438037005,-0.19658099676367685,-1.014424102071436,-1.2857321824988293
0.9733159586467917,-0.7391959085466605,0.877323097123274,-0.9851939998313709
-1.5071998398884952,1.7759132531675863,-0.5369833911608216,1.5045627594232487
0.20858409448722323,-0.4193752661402438,-0.13110622950842463,-0.23140900208680368
-1.8611043119256956,0.40537188089169346,-1.3165896438407287,-0.44442756582540266
0.9473937978859992,0.09942147751054448,2.0629663320964173,-1.1883751370280895
1.3643436725963716,-0.3976846332048301,1.4462297529788595,-0.5346822912990019
0.10585425857786544,-0.7499964230162891,0.6661846327336521,-2.1209739198727866
0.9731348104444477,0.21846581545668892,2.069742684519132,-0.9412045195884696
-1.2532224249827495,0.9797165225798216,-0.5760194558537992,0.5373626606143783
-1.1683755588199263,1.2458675975171831,-1.0128739847624872,1.772604992092936
-0.8609575721526299,0.2351814887273004,-1.3391803023979059,0.911140080584368
0.9707423253194322,-1.7320109239393255,-0.3760591890272509,-1.0110293683746303
0.07509004161924371,0.09390238616352169,-0.06673680147678818,0.3860585011472177
0.8093775188495419,-0.9213066986531296,0.48107751043295993,-1.021627258211966
-0.2255429334075212,0.8465230536153453,0.24316075448899233,0.8161772625115008
-1.9434043528782072,2.280953081348836,-0.6023668398011316,1.7967883824548931
-0.4679878953292864,0.6754922010432839,-1.5335692552683493,2.6206627152948268
-2.4602665798664844,2.193640942686423,1.4410585993734024,-2.0883173450451764
-0.5107420958801687,-0.3648012522738336,-1.1248725476933703,0.09717800518374563
-1.456379960223137,0.17203345024554015,-0.2944186458873456,-1.6485738822364864
0.9206046634810762,-0.46870869735385473,1.22581330613513,-1.0751435031396523
-0.7321451470880084,-0.9454556688219192,-1.417508950978146,-0.898232956816547
1.0388289042329164,-1.3309918684176254,0.1908621357512352,-0.976904619338681
-0.16214610112493344,0.1437153234652625,0.3968382329403232,-0.5653451641724531
-0.8137555760799751,-1.1602410800574214,-2.280420930231207,-0.2005529480697288
-1.3764626252996168,1.6573914871992137,-0.40377651165093453,1.3158440256458548
-1.5546494084289426,0.8564067706534819,0.5151267526122216,-1.7170210674594153
0.25196097787667027,-2.025210662663931,-2.115635551659928,-0.25605525026401943
1.2227500513036151,1.2517444320471556,1.5871947304121337,2.011167808801096
-1.404938941399328,0.1259889459449521,-0.900498373185793,-0.7921214565038807
-1.000143460423142,0.23728105257049753,-0.8108990809063698,-0.05782505324177989
-1.1657488408886512,0.9419242768243868,-0.7412169659669011,0.8450269689301254
1.457985742731808,-0.7840315134738746,0.9029164792018352,-0.3119717699608011
-0.9964608272724371,1.2892708921419704,1.500134057942771,-1.416588775459135
-0.5735587597336766,0.5006910434375131,-1.890548449319544,2.637148314163997
-1.608253598373353,1.4917103178131796,-0.45628753365280134,0.7131438815707986
0.9568257197337087,-0.804441542997449,0.9122303744921912,-1.1790713997866027
-1.4609241636726027,0.8543630033501644,0.9148415997971779,-2.132198681556235
-0.5694718800113423,-0.27898148691007285,-1.8523533790540696,1.183286230717526
1.13968975256229,-1.255484381461994,0.178515184850488,-0.6587997872490696
-1.0875082395581572,0.7132411356200619,0.9652732591320295,-1.849148635090752
-0.5908223346329076,-0.5365353196814064,-0.25649805439316326,-1.5691640480363351
-1.486870360211764,-0.010397332679566008,-1.0105476882001436,-1.0163975138142207
0.44638461646564,-0.23839013861690417,1.5404144713391759,-1.8769768520709753
-0.25208448747662593,-0.830759178372119,-1.796013972848407,0.6257808925865229
0.8767031923278078,0.36378030762989766,2.2246394528145568,-1.0549520770254757
0.06459555361230196,-1.125865392453124,-0.0788822114401415,-1.814482102660541
0.9261807528464072,-0.30701129855053927,1.4521859436799347,-1.0939215259600852
-1.7966977324597573,2.498046439474609,-0.6159905706971267,2.446880398199833
-1.012115375515711,-0.6932076132484151,-1.3186334150983443,-1.0392280577513626
-0.9363697973387568,0.5956304272293467,-1.430304005540691,1.5671123312041095
-0.14743721354888073,1.1278187120878165,0.7208994966414931,0.7765513390057908
-0.699840112040953,-0.21845561164488045,-1.2420870029816247,0.21836011316845105
-0.6056292385281385,-0.28555392522224315,0.4934760409347573,-2.19930634097276
0.6108812945076905,-0.1767852190886438,-0.1364657725538152,0.8697483313333031
-1.4868089383156506,0.8525711479472324,0.4913291560053456,-1.5797318672516245
-0.7140607427938135,-0.3305386769651937,-0.8713901681622314,-0.5303749480708839
0.8216829231160214,-1.5034055253364271,-0.027630203931947817,-1.3335443602344719
-1.4701778194092507,1.88346733911337,1.579416147136662,-1.2289144415201956
-0.4340585743470184,-1.1062362904374698,-1.0114158982662895,-1.275585384296776
0.9483477214075677,0.33144699788607473,2.31319039576048,-1.1214837472078059
0.7819522839053599,-1.3469520275793492,0.1270318665711052,-1.3344152310494948
0.8744635217785086,-0.3503643741815662,1.3965164533586811,-1.1778654646108464
0.8885759651880449,-1.657199616719781,-0.21627156091040087,-1.235616968155158
-0.8151527552685223,0.14940691333236367,-1.25097672618038,0.706554722423437
-1.7587872780860057,2.5325867893766607,1.507011762585741,-0.4261935595525185
1.2813432225472998,-2.80733265869992,-1.7441206644656106,-0.5131902712290051
1.211861264757584,-0.5773659394747797,1.030991415976357,-0.5212402816679377
-0.03822503628934393,-0.7100774473928492,-2.0906135442922844,1.6081027075836716
-0.5308357253830931,-0.020633064194560537,-1.3112653389956597,0.948472280256584
-1.3260365444480864,-0.22854165834622567,-1.079763710628599,-1.0499975470467526
-0.47087464696859793,0.18652005374120076,-1.6432213225600396,1.8886080080790169
-1.5659275439267089,1.592538069868584,-0.07754358405577587,0.4293572745022829
1.3562054313285303,-2.4465783051680825,-1.2512600040788715,-0.4361024091691471
-1.8505535565602973,2.201763646015339,-0.7533910298029894,2.018526135746316
0.9434730378986426,-0.5559113783892544,1.1207596768192527,-1.04686704573337
-0.7441879538122412,-0.1051720693890817,-0.7596652323982702,-0.3306443740605365
0.8671781839260726,1.1154292623394964,3.281295700447778,-1.206196815201201
-0.972605972219648,0.0712789697448118,0.023904840543346628,-1.4909639816950875
-1.7592747092941627,2.514633198911961,-0.3926315481717349,2.222489261841556
0.3511048086308228,0.7949880318527031,3.0064722381312814,-2.2377590843906208
-0.43821522018889864,1.576635700689291,1.412200627497965,0.1361921225149456
1.0215345807499256,-0.8327163336448486,1.01771148377543,-1.2734911250907208
-1.371619790741066,-0.4224758992282032,-2.3150818077567763,0.26979473477939186
-1.5126183435360478,0.889314499659843,0.724052387036327,-1.8840776517840565
-0.7017201645331803,2.085415964232891,1.684983902891652,0.23933309660502264
-1.0351102012996127,0.9392910601321517,-0.8470294393456506,1.2026627612816867
1.4704678474183135,-0.5207407641631072,1.3075036286808828,-0.3878043772893653
-0.8040945436964011,0.8769616098436342,-1.213996063307092,1.984953842856564
2.03078348408044,-2.842408562375833,-1.772066246456902,0.6849259588184315
-0.7950782840405219,-1.6801907616594844,-2.7782422731402048,-0.40532702270799525
-0.6975182715459112,0.8979632054395602,1.0855762033824023,-1.0498642932788675
0.8545706706072553,0.2074655678795424,2.0926063780861215,-1.1866442453843766
-1.384747150862848,1.3657582218614774,-1.184886354890404,1.8789531562025472
-1.84409253627336,0.5152318937799596,-0.7398316766997217,-1.0327445148399104
0.3630929531114024,-1.3365725222678553,-2.1460522521154526,1.2104523641235296
0.4127493756498152,-0.41378847568712745,1.333521841583164,-1.9561677336904673
1.153083281366428,-1.5667672726007307,-0.10352479315529493,-0.8003689018323088
-2.170265944224352,0.12825733800437933,-2.423039869024034,0.11360928527047508
0.9650971149420173,-0.562285050968726,1.1376020917867027,-1.046885923336005
-0.8783354577681312,-0.24709209503341983,-0.608411702274716,-1.0189414870060485
-0.9974494411766224,-1.2178018569088311,-2.1253782685009686,-0.8227915174098006
-0.4481897609057963,-1.159107364511528,-1.2179239398316988,-1.1024675994018118
-1.3853585837961424,-0.2537388945621836,-0.9737884633021175,-1.3417919684465283
1.0687249184130367,-3.1508573191625096,-2.1787418786424158,-0.866022963126983
-1.1479995500224902,1.0420521646325351,0.8632166093354774,-1.2104911275431711
-1.8564048473552497,0.7092620151135076,0.43889860857575846,-2.366871862254043
-0.1362652423087466,-0.4318329518423176,-1.1703866535102312,0.6510772877741582
-0.19588684507463616,-1.4359854063040063,-0.9887352047545496,-1.5141708743868991
1.6854134800121852,-1.8394899126947692,-0.5683612657698025,0.23180897326513647
1.7277452090430094,-1.6652074417205187,-0.24044172139967007,0.1523034505164218
-2.010774778748424,1.16809602815916,-0.12810952323838332,-0.9903008302664784
1.0804684169788348,-0.5084470234260847,1.2575978935008447,-0.9310540010062733
-0.8373487750828135,1.249460372191601,0.6080508912636241,0.03043757057696705
-1.3083490287221329,-0.47463389633762526,-2.055414035133553,-0.08773409646938655
-0.344000452787844,-1.1041619924751223,-1.0009175814687232,-1.1398268919688708
-1.5475795031599042,0.7850254174251635,-0.008297967779328785,-1.0953149115128602
-1.6516392969253246,2.2351565864573164,-0.7033267233038063,2.3324153812805255
-1.2825478060753208,0.7564111344816341,-0.8519954586372793,0.4763001847039873
-1.2797131167500915,0.9909169050614096,-0.9876146554829789,1.0954563067867735
-1.0482936383635653,1.208425041267528,1.1368032155910544,-1.1340132902549376
-2.2232167327485923,2.889274950956572,-0.09412410035993037,1.7205073298219524
-0.8300007318783414,-1.2866461121308153,-2.188629403518776,-0.5846757902396372
1.0220550801141937,0.3743259960439818,2.238285127741104,-0.818198652127846
1.464468677091105,-1.9386299710633057,-0.5494291847069817,-0.3340218520189051
-1.3390535530952334,-0.5078840792541328,-2.0761745525112247,-0.16847435972681213
-2.603113681797855,1.4628835129807503,-1.3506082635292131,0.3016220925544395
0.25425856127973123,-1.6879377835862273,-2.287377342353941,0.5986236441211933
0.04942890989664139,0.869036751963977,0.97463933074834,0.2724461887444807
1.2818215835535902,-2.476169649612991,-1.265526398534767,-0.5906280633539884
-0.6734228644460308,-0.214723621063403,-1.5225626009087985,0.6641338692460113
-0.6829572627368946,0.8067078324391673,0.6155085380570409,-0.5271268045337272
0.3034051618227336,-1.2574260833049853,-2.6003631348744,1.8973049691641648
0.7996636636636083,0.20812962447160752,2.0790032306359225,-1.2557661537646445
-1.141178359177856,-1.082019239304907,-2.0930905363066654,-0.8577562597949965
1.3438660549936574,-1.802868317571864,-0.4651740958355288,-0.4046837448623228
-2.105806694207337,2.6082575721856758,1.9535662390918016,-1.4859169293910888
-1.4670509146163015,1.8767773210111955,-0.975587645222516,2.371203073555378
-1.4942019885538076,2.424231868475101,1.521843653082792,-0.2112156412364793
-0.27256977507925617,-0.40381785244163104,-1.5763267077908305,1.0524737580312735
1.7571043479616208,-2.3912389139774577,-1.074297305293702,0.0675593555428502
-0.8075426244374366,-1.3041098593325147,-1.9256372084324629,-0.9508502680037427
1.49298305762298,-1.1020605842749776,0.47982613883310377,-0.23135592443911207
-0.6472148231020334,-0.7223829983252885,-1.4079615769676783,-0.37079077433314006
-0.7834684111154305,-1.1905123043140051,-1.7954376771645797,-0.8904695029683645
0.9329796023302404,-0.7443649348878637,0.912864497403534,-1.110463266287766
-1.3456071873137232,1.1212706734630251,0.24623776031359,-0.5187329153853947
0.963149766185218,-1.296006905357908,0.08598479104051471,-0.8891182515948379
0.8866378955628538,-0.10431339699558013,1.7813370094859655,-1.2573960275092266
0.3613694713126707,-1.566370667075237,-2.0586042156190043,0.6696078437451948
-1.6027118061332433,1.5823309731190012,0.6770349548956909,-0.7143276731000046
-1.537406656473482,0.8578640001776631,0.9050021684156205,-2.2366942900060414
0.09309532472349001,1.8690011827967723,1.5771840416562868,1.2970162695838707
0.38539789509189937,-0.14725767475847457,1.6138638176004976,-1.9156965090439764
1.4912919363194224,0.09640779505467105,1.9534245967639607,-0.15235157982035197
1.4885137887209354,-2.412814449654153,-1.1956154758832462,-0.23802127025597164
0.8452816108350482,0.30010787293422925,2.395555395687458,-1.462349990747433
-0.28563853861202104,0.8742730262243991,0.6360009876852966,0.213654718251981
-1.4453303570267253,0.07378945831046349,-0.7924304138924506,-1.1047190156544264
-0.7071248170231208,-1.9555677511778455,-3.3199024739302705,0.005974762517710008
-0.662068636004989,0.16499927919871318,-1.1593296138793234,0.8548996180235534
-0.8962159851646077,0.0818772319431474,-1.1838135761691668,0.35773402735279425
-1.1794403050057107,0.4689344271126828,-0.8569947355776913,0.13283713001066
-0.5503409005435945,0.13474544884105563,-0.9140990224444595,0.63627789570517
-1.4052979063674247,0.95578705537366,-0.5710199995817695,0.23917826805652984
-1.1028916824005368,1.7627441628973772,1.9568962072938656,-1.3807762106712058
-0.5921067569737718,-1.051910146658791,-1.7218834353409043,-0.43224972178338167
-1.1474105000720904,1.114036824121801,-0.8389826652131808,1.32345755081943
1.0232860999838487,-0.6683537801574718,1.0597575259915617,-1.0334692798823983
-0.7830031999956406,0.7729166611264378,0.6312332454752133,-0.7734114040735854
-0.9040606241828996,-0.31018641575126327,-0.4983927202321245,-1.3300358040654687
-1.2340042574264527,1.1161843801879867,1.0136844365123376,-1.4294047469587805
-0.08319245499940675,1.1566502459828822,1.3487177436057607,0.04697797655107627
-1.092670177048107,0.3856730425255828,-0.378758237521832,-0.551059720075151
-1.190512279031101,1.4025044095819454,1.1505009198595855,-1.0350978005215352
-0.18248596048421337,0.38538586455933527,0.5076744148533467,-0.31898800341878186
-1.4446820133844867,2.2513540492123205,-0.7782303357797828,2.8048228036814637
-1.5148855185104626,6.330400543822062e-05,-0.9037644158680844,-1.193957429269752
-0.8962501700411285,-0.1052207126315148,-0.6447511168614473,-0.7408985652854773
0.8187875718110154,0.31990553337353966,2.28620472508745,-1.3154525490165607
-0.9412302873532886,-0.17383795348881417,-0.3068189287863271,-1.415113466442361
-2.637991174676511,4.357804870266339,0.30135866988647053,3.1352621288596296
-0.5569693836906786,-0.36156601885368017,-1.3247796805428191,0.30986597946996963
0.7145100727706023,-0.18832442652962003,1.549447822052728,-1.3622347791986555
-0.5900432888185938,1.7483209955704928,0.7667348609356974,1.1096286823423984
-0.29752725591644286,-0.3824713882266804,0.3511228334126131,-1.6708314126504766
-0.5639611192204022,-0.4184693524049607,-1.676007450760386,0.6916614726575361
0.4354564198796604,1.5480818491745862,1.8189314942998451,0.9349658844771523
-0.6868904068192632,-0.1443932114242448,-1.7357583341880862,1.0700423234385688
1.1217968172108863,-2.3995438863484684,-1.1587974850152576,-0.8639814709820623
0.6298870370425305,-0.481895443696632,1.1515902386614545,-1.4681552459689566
1.0296579878983945,-0.009374113021056561,1.908101726786254,-1.031889079121599
0.8306557250559751,0.19114952709769695,2.0799577545165886,-1.2372156425008318
-1.4796091996932808,0.3627954932121737,-1.1453761001179077,-0.1409360153758108
-0.8302522172718761,-0.03166999776353584,-0.2142903728294192,-1.1083115223276743
-1.0408370613404867,0.384137299761842,-1.5366494292284956,1.1653632400089853
-0.2731093368807139,-0.3663466641185468,-1.6863659550938914,1.2745461532353084
-0.663421504169073,0.2132567095155015,-0.8278354362551985,0.4717598098813464
-1.1115565250404649,0.9862569045806733,-0.7251064299898182,0.9906219895935598
-0.8778088866946334,-0.03049472697933202,-0.11953735833454315,-1.3175010512294698
0.10254725234488427,2.176649923158432,1.7854732604303083,1.573397402824991
-0.5242609915418756,0.6330772501562291,0.6072542545899888,-0.569969271159786
-2.2096387290808326,2.808683780225062,-0.14770654702108776,1.6728981673889947
-1.1792803923709272,-0.7335598892250248,-2.004483718747248,-0.4163199461348384
1.2608082493623267,-1.531217981379237,-0.10845315353005767,-0.5536340252610361
0.3300285484035326,-1.3157095665535579,-1.8866293627700983,0.8279338607741596
-1.1440729628993889,-0.551146100478758,-1.5241770137569488,-0.7079080682213001
-1.5636790069418425,-0.40131889229140955,-2.3955138841757098,0.1083681551633122
-1.4789764106025165,1.1322426990504388,0.9262422553612024,-1.676406376939441
-1.2902788571954125,2.2713558515313386,1.7469092501758845,-0.47226865088953274
-2.4528588758562258,2.080346923271808,1.8961545088287233,-2.9231250639290085
-0.8198266228339077,1.2780227157275312,-1.5331012102123216,3.133359597612084
1.01758175173385,0.028078449334641452,1.7859177399610713,-0.811514915449692
-1.3222097043581305,1.0938465043173429,0.9083480752339991,-1.4648099959393743
-2.3381047530298584,1.2628723263835584,1.100400030126904,-3.0873969577346254
-0.6152406311992804,0.4958452568860452,-1.2392268058176175,1.6409256741953733
-1.4222914445615011,-1.307821978268528,-3.278105514738083,-0.05049992070841069
-0.149027572158269,-2.349372455623423,-2.744862986912181,-0.6063484256841495
1.3178655327495183,-1.7093511811474027,-0.309085677320194,-0.4987248195837604
-0.4516733305115633,0.08498804270636326,0.49090425300264784,-1.2761616187748173
0.00032590856790304373,-0.6211850353159644,-2.29179422250742,2.115351063741101
-1.2208175244434407,0.8978224861805354,-0.6239379568775709,0.5101035777215721
-1.227321231767717,-0.15635498058756697,-1.1434531572636673,-0.6688979962483556
-1.2112905528858868,0.9738917110597208,-0.785167791782065,0.8904932585312467
-1.1238577182717726,0.9927115861240527,-0.907711009632151,1.2400065021389703
-0.9775619618437849,-0.47164615412427824,-0.9435847084646445,-1.1126559113963157
-1.2698707260625544,-0.6451920224248249,-2.2517798138381626,-0.05547498768720993
-1.0567232517710472,0.1912507417922412,-1.0390555181782326,0.08898537285223573
-1.9614436794663288,3.1605620197442565,-0.3730005400112888,3.030459804637158
-0.6701874484471274,0.8286948734948277,0.6943863467953358,-0.5779969049069407
-1.4532347513292154,0.27133668996133103,-0.8151212503012724,-0.7291787459626675
-1.5892849496116883,-0.889335186985209,-3.384929281253733,0.5830220506275872
-1.4985299708435709,0.9329145411512506,0.6242943789897553,-1.6416125344579755
-0.8318727780672086,0.36063040290008014,-1.4520250425472079,1.3441950900893915
0.410552259486364,-1.590143722165182,-1.9640748501740055,0.5734561905566815
-0.9485395076203287,-0.38334989151387205,-0.771632714715715,-1.148798134387229
-0.7369274338434039,0.8479443191908158,0.6888912109843006,-0.6443290752741968
0.19823083188510937,-1.0098753831577847,0.3058474162192515,-1.930487585560405
-0.2746405189326655,-0.8414642137527357,-1.6763514509670134,0.40075448417656184
-0.046268748268469606,0.6238877885793331,1.0045008567222389,-0.3680160494876896
-1.4931033112073937,1.6086709372392527,-0.7124385334884241,1.473528931218061
1.04601954012102,-1.5897406570238015,-0.19463980211510637,-0.887745985002845
-1.2109157976652136,1.5626456672488676,1.8327816572407267,-1.7426816725616632
-2.323756849324377,3.1071162517197135,0.06080666751890007,1.730858175548741
-0.9372958911987379,-1.6829916520715207,-3.2635688619741465,0.04290924025187559
-1.3380001717683268,1.006384580810926,-0.687252863599395,0.6042828192450905
0.7990416056797778,-1.421264146216072,-0.016686570919677957,-1.23771960240696
1.4090517159814475,-1.4861397157595915,0.1276510451715508,-0.5639271439794374
0.24517006620663492,-1.1555359713622715,-2.293191816881845,1.5525169168879462
-1.0055359645869724,-0.7036462857085121,-1.6462918220325644,-0.5847531365103458
-0.5581625246527757,1.1885115396974169,1.0798942301165344,-0.29044995334583223
-0.9360196923473388,1.9042073698572908,1.7155608070309485,-0.5127715190575097
-1.2215011362192059,1.1660147833935235,-0.7239305929407045,1.1340002091542627
0.832220719752903,-1.680687495513129,-0.4249949205015247,-1.0752068699034691
1.398366456577302,-1.6534492633010385,-0.10544683631774764,-0.5541098148360906
-1.524478456249432,0.2784029957122733,-0.6129005944632572,-1.1180814615427164
-0.9522329449564227,0.05033839775531408,0.6328270987777438,-2.3551858109602226
0.2404115360863308,1.9833979152407104,2.592013407078213,0.3108841907453625
-1.1268357639849291,0.5659028921459842,0.6727772246547932,-1.766144902324431
-1.6755474717396033,0.6285348171212355,-0.7284012895735302,-0.5696639596989336
-1.2927232920426084,0.3185135216750082,-0.6315436272412995,-0.6415275302813925
-0.34093858574118496,-0.4247413656222927,0.6051726032831464,-2.176532456133148
-1.6993742869169477,0.6066513950734675,0.3055999689923956,-2.107769110842248
-0.8158259609855351,-0.8808583033412449,-1.4864135004400827,-0.8208550196628659
-1.4599242962198375,0.09543738490821459,-0.9855816535834134,-0.8167732170253563
0.38453720672863617,0.9270323063374206,3.075507313909714,-2.0424900060982534
-0.972286671183968,-1.6953003388937689,-3.3153250222973414,0.036719630527607405
-0.32337473821570384,-1.6418819597802812,-1.2626485752462036,-1.706789663655288
-2.316003962653994,0.6339214419748538,0.9436303560326968,-3.964725528854097
-1.963725386001762,0.11144399445929597,-2.501834467469525,0.5312758315543558
-1.6371596533065365,1.7239029148752194,-0.21412136259026304,0.7430266702698608
0.9656954739595917,1.0222598353570826,3.051764043781066,-0.8896063887454138
-2.154337064026417,1.9144824196769985,2.189080621010392,-3.1491734736055745
-0.23535711176593208,-1.1700916974674431,-0.8983499343881011,-1.2264324135748044
0.8953721709406786,-0.7045779207628204,1.0697190418033147,-1.321444924178321
0.3391161708792174,0.46685277770950306,2.387119156265571,-1.9749064814037447
0.30078743343609904,0.744838925016703,2.8853300789198633,-2.2392486457048166
-0.5038661838389806,-0.03971554637655854,-1.2807043907297644,0.9148736848413057
-1.116143532114729,-0.5142198421728814,-1.421666197229006,-0.7404735072269232
0.04179426288131616,1.4016510466000611,1.829230364850022,0.014394908914876936
-1.883422787008329,1.1198664851827775,0.644819460233217,-1.9608684842317623
-1.1635525398394346,1.5252196487652603,-0.6578909686046781,1.7832903801317834
-0.10901168900434176,-1.4600490842324387,-1.2202201242396002,-1.0891317975099404
-0.47650053221857447,0.5562099639688112,-1.4188834485291955,2.2296761909686538
-0.9636519264959443,1.8890862394971728,1.1120523837668128,0.26691252778007724
1.1321440351074612,-1.3120801622223568,0.16730279832015071,-0.7573776616031942
-1.848044495094978,0.7960397523385869,1.1692710190918867,-3.227806262204294
-0.6301451358512575,1.277099065123926,1.8060341489600993,-1.2731411958157974
-1.029274135491116,-1.519328432282048,-2.7398771261237758,-0.5511296102482153
-1.8262441708874169,0.2625125511032423,-1.4962964627831035,-0.3916152273803092
-1.020682235498718,0.9939329146959529,-1.531768420060232,2.2914631317180945
0.7502058917271499,-1.1570098279879955,0.40955243879170605,-1.4423585504007672
1.1450891097803373,-0.3426374129855197,1.4258557342282967,-0.7640974811563553
-2.408686598762061,3.6334379136733936,-0.19966364894677932,2.9096415774580726
1.0937737007662343,-1.6169971414465356,-0.25247969594579334,-0.7774004160184937
-0.94732080532946,-1.2553674616190873,-2.587508307041176,-0.1564066302441317
0.4291028021577856,-2.2870019554331984,-2.722385189177884,0.4170673931847781
-0.1615004331199121,-0.3484332580348838,-1.4421042598000713,1.1439967814580252
-0.9085007012153197,-0.4331168787578358,-0.4235655264392032,-1.664692501220411
-0.7642075023325856,1.10783688308459,0.9150675529197314,-0.539247772887488
0.21824217024916717,1.4310130698172323,3.536708072145825,-2.0555124108797127
-1.2372293254835212,1.346371431658323,-0.48011192462019714,1.0895192820686672
0.3516785656296634,2.4207951946057915,4.9189644406832125,-2.0037213129415696
0.9390979859642574,0.6401554230380062,2.749414625265491,-1.1954762189069958
1.170326131712836,-1.7646424702700807,-0.4367116955490848,-0.6588557011353204
0.9475399106501664,-0.1539701825507492,1.662993278810467,-1.0806077078296228
0.9777680951501448,0.2963256612562434,2.0353944006509583,-0.7446915321244493
0.5776909344490342,1.2683040368405591,3.4894684754051486,-1.6962909871776146
0.08249686497771956,0.21960007837602544,0.5557805204905224,-0.2539482939478419
-1.021546339397908,2.0544127586608822,1.4922928082918798,-0.06603186891246138
0.28725174964035405,1.3802578485837835,3.6482367420972808,-2.1920145310943413
1.5522623918317875,-0.9953136391830265,0.7030831450816684,-0.25730938468040665
-0.6293734283068729,0.5675555359988655,-1.2231261027971727,1.7245240542795188
-1.2607140913242523,1.6889320582616767,-0.7751871031626754,2.0858191987613046
-1.6059709924247711,0.011966654794803045,-1.6461518448266903,-0.27291178375196457
-0.8887508220844198,1.1241039798613124,-1.9774941071650285,3.370678943724168
-2.0558329962467754,2.2911277279881834,0.3090193762350204,0.3451607073632732
0.7837235524401667,-0.7004832824328089,0.9586010407913635,-1.3392245583227833
0.9904914705815765,-1.9970072151212273,-0.5905433986599984,-1.154103910013526
-1.6512733769953765,-0.4568896138805487,-2.565609765289281,0.1054298854064486
-0.6090340072316168,-1.1785938914098104,-1.4498048913988684,-1.0725120969861852
0.6106039228888924,-0.30643016780520355,1.5075645295952183,-1.6855953081872395
-0.8271082409415053,0.6543877253999569,-1.5487515576453372,2.0184854847844576
-1.2970470811226305,-0.5974091296291886,-1.8175796999227944,-0.6265730539535916
-0.8223810583213825,-1.0575381640486163,-2.290554000035223,-0.015025221708499847
-1.8165946094353491,0.39228016049372,0.8610719045487972,-3.4698408374365486
1.040909061438757,-0.7925806017657043,0.929106108444496,-1.0444020820925775
-0.5004932906293804,-0.2588690972602111,-1.109100822506684,0.28273391462398845
-1.02241378845653,0.5151042668277305,-0.8957549306246525,0.5268803346157742
0.6611560058506809,0.017347720639766237,1.8013795213854502,-1.4338459788511366
-0.9665319650322785,-0.6925048525717368,-0.8268907484631546,-1.6578672409263724
1.7795639951502649,-0.34369468357104327,1.386828043492217,0.32358883650859854
0.6639639310884379,-1.2019336595839736,0.20674279217432057,-1.3776993039010563
0.8073825556475847,-0.7213344444474069,0.9476050732123135,-1.3227427847986168
-0.915568625789782,-0.14581758455963686,-1.2624669366526111,0.026437884335619662
-0.6569778092526796,0.9356490446487437,1.2045216621980672,-1.0836994099692199
-2.0143216318922468,0.6959434578724246,-1.0083143465952087,-0.6052411621025902
-0.7771385710453198,1.0019694050179664,0.5185204007086455,-0.1914914142470011
-0.4127012752391141,-0.25471723547587044,-1.137617314997544,0.47362580234395973
-1.1232841555164428,-0.08064118469516911,-0.789722163815319,-0.8620616236361877
-1.4767009703685408,1.2180411727922995,1.4218848300628895,-2.2176432163753166
-0.22119088994294556,-1.0914260570991439,-0.04071947663681097,-2.2721951125545274
-1.16171789494288,-0.328087757537324,-0.6265798119033188,-1.6014640177206891
0.873908101432308,-1.6223315467873463,-0.18875715458839368,-1.2354713955639696
1.2948862298409787,-0.6909600406127159,0.9448197001127928,-0.46914961843735864
-0.6522449471016232,-0.6658528549398717,-0.9631587240784618,-0.9049677728018801
-0.1593832624381376,-1.0933171814791631,-0.4896977961401475,-1.5409750507587625
-0.50055470460813,-1.241419580430472,-1.8167480061214607,-0.49094193109570367
-0.7574663431809534,-0.1893367928228377,0.06586280643974017,-1.6695947992688522
-0.7282993936879496,1.8688012900006343,1.8793335733804524,-0.469174849302452
-1.2199721123214868,1.1495192222861712,0.17233518685686744,-0.15859126628187867
-1.5838892210871027,1.6671525166945675,-0.8379691429399406,1.6082319459852776
1.7992008845074574,-2.802225235529256,-1.691159330244627,0.26560852935884505
1.281932953818624,-2.4198798499905454,-1.1227540512691323,-0.6904566919091615
-1.0885541070744262,-0.25331315097315754,-0.6601628941023965,-1.299860112274723
1.1773930336657703,-2.3016843072098285,-1.0749671287677551,-0.7151348533318
-1.8063777511321448,1.2681692195317207,0.7891423225978176,-1.7714476536049064
-0.6661203370902569,-0.01768923969675523,0.4367850772977128,-1.7346475512023212
-0.031528722061614056,2.528335997669773,2.6811845409604818,0.7247226099037539
-0.6693023351486446,-0.35825519668089084,-1.903228513363768,0.9493221204323378
-1.3885178199772188,-0.30599781698773687,-1.392949473247661,-0.8494623253617478
-0.8817127714759568,1.047740612765084,-1.5444622644703103,2.6330443777049406
-0.7469777146840808,0.02242563970534608,-1.228555309311826,0.5569722423190022
0.3263050897083748,1.1396372444216578,1.2749914547063774,0.7880453062444404
-2.2014778135117528,1.8954961290246637,1.3358098911864285,-2.0556626908336457
-0.5425615635738543,0.026608833875738376,-1.21165483880345,0.8739548957957323
-0.9952444490520745,1.0951868658791164,-0.9710903575360277,1.7240596307753306
-1.0225536540391262,1.5491200525832935,1.240832361769724,-0.6242646090114933
-1.15759137656721,1.809350633316131,1.5402753228318484,-0.7977055815552893
1.0836058553784003,0.03243498048868894,1.9195522758891577,-0.8846664697965504
-0.7329398395911351,-1.2333847837581051,-1.5808388462279508,-1.1883950352558184
-0.9129130957573232,-0.5532569274113608,-0.4667085741700324,-1.8277225410230873
-1.8347435828896417,2.068643396970512,-0.6836149699447944,1.7056343654698432
0.013821866731508203,0.554903655324461,0.5643151466519648,0.22694916712248547
-0.9720659221627405,0.4897548617633188,-0.7015693217511241,0.28909230833555155
-1.2625071076232688,2.0593867480308945,1.36895332330946,-0.27581132269723646
0.6619318232187638,0.7679379714530653,2.7899031136319614,-1.474017550352989
-0.6853467392436683,1.229602732401445,0.9502379420616489,-0.24064283670096373
-0.8583369953222431,1.3892769932051696,1.2187866442105089,-0.6137618375959453
1.318297622431202,-1.8536624789178435,-0.3661790943400383,-0.6777684910096535
-1.3039981705837442,1.662636427072943,1.277606861804347,-0.93027590030328
-2.4835759274943667,1.4924651888286589,0.1348522006689702,-1.547241305465084
-2.2163956418318183,3.042263398749165,-0.030885877221965233,1.9183564493026584
0.950834271101483,-0.8945973014688374,0.7489847957641154,-1.1210238964266963
0.09077140895264368,-1.9335891789665116,-1.9370864917047437,-0.6056479789901374
-2.032565156836497,0.7567246286826927,0.6773714577315125,-2.905139641654333
0.2933256502832182,0.35508883232944366,0.5012438795754598,0.4112306957304992
0.42841247322950704,-0.3793808236199693,1.304696100812806,-1.827859354226722
-2.310099092983906,2.9963233143326065,0.1939605741747652,1.3652626329052595
-0.8836266490283505,0.8607754865302641,1.186756014983798,-1.5632425600067918
-1.9479228442511172,1.4478084623200118,0.8929735720768539,-1.8247335300400476
-2.0242482914637776,0.6047682069794056,-1.157214035035229,-0.5757023410752513
-1.9943822286779311,2.0967135513827375,0.23946721612277644,0.1928050765893801
-0.5249880406288817,-0.8235915049803744,-0.8335723598637719,-1.1650006713830272
-1.1071084423601412,1.8002934063331553,1.410418594136826,-0.5484061235620619
0.42669223339565704,0.49123031619410407,0.8843207890836228,0.33347553883130576
-1.4622736700958268,-0.7766431605477627,-0.6157835789242936,-2.915990818327092
-0.8525350991824237,-0.7306363928284073,-0.8413050327577482,-1.5204413815408688
-1.5424567300321734,1.6486314820069348,-1.0628145955190138,1.959803916181892
-0.6629080828682768,0.03257256039177948,-1.032104848335398,0.4350079734572555
-0.8164515203839157,-1.174504230738486,-1.898652634823394,-0.7696513420440398
1.3493432644568568,-1.8403497623012723,-0.42500190475567834,-0.5200874205872121
-1.0601243706280277,1.3959198755904243,-1.2625524711267515,2.57230398035576
-1.1363062300526732,-0.5661969400974324,-2.038959179836477,0.004358474314039462
-1.0139296040237709,1.0265824688544691,-1.222544062064339,1.9248210149035043
-0.11537272863570912,1.6856799539109064,1.255913561801376,1.0799469170761016
-1.136262809230414,0.16235096693372794,0.058605175571971646,-1.6424889271051584
1.6912940169951995,-2.870811081583837,-1.7932130528335648,0.11001055909121948
-1.155370419831607,1.256806341283235,-0.906165708580528,1.6628960741379144
0.7076460237433396,-0.5187582170724712,1.1448904627898937,-1.3984165121694234
-1.3327344574656539,0.13711996202566487,-1.1741364232869844,-0.26799728967482384
-1.270242879440626,1.307270995826666,-0.934361230566852,1.6064481109536048
0.6661227667743359,0.07421455505116478,2.0105134782691194,-1.6184046016554
-0.1252860781682864,-0.9599155554348906,-1.1453660094895708,-0.3190558121626754
-1.9160691139477128,3.0781752786605527,2.386404464906996,-0.9398485263066532
-0.93225917483895,0.08335058368882269,0.0940809413907212,-1.5024740192861104
-2.718443047413377,3.778624690678228,0.1965340854942608,2.1071803109699414
0.8651659921625457,-1.336516877024286,0.1965373055776588,-1.2780373530168192
-1.3496073151183567,-0.4390835931803413,-2.297800685606795,0.2513266355157357
1.141395468945173,-0.8163975758478793,0.6485426421092051,-0.527437293526333
-0.5755674114763198,0.7813359636520952,0.991822929692668,-0.9290745548285795
-0.6213277061609397,1.4322402407675512,1.3007474106485624,-0.26552446254279194
-1.3232970783488247,0.2499982095322252,-0.21061254385501915,-1.4092450841029445
-0.8046438066651971,-0.1267363522017738,0.6494159535329185,-2.4574246868931846
-0.2950061475098803,-0.4348530926927528,-0.16531202310178217,-1.0321329068990548
0.9468957042609272,-0.443083012867974,1.102591366516994,-0.8120839019849229
-0.8949927987524221,-1.1887787651212542,-2.196834293228848,-0.5024983492787789
-1.2108547417278663,0.8872050299368115,-0.863727374306744,0.8457212812857373
-1.7339473486119452,1.1039087882917706,0.6952873589432078,-1.8171909891871336
-0.8663790581616126,-0.3904626161939018,-0.7014580383774304,-1.1267404034400024
-1.4512836079451463,0.221964863547762,-0.6326562454673451,-1.0726682873833056
0.04884473950379875,-0.08374025376305974,0.03658293341721752,-0.123082037094988
-0.29275053332571854,-0.17398613285348508,-0.4007587061223989,-0.22542900342523217
0.7272811744247961,-0.8738848420519325,0.9435713342503588,-1.7228666694552364
-0.6758471089882211,-0.40326140649848574,0.06199714103715137,-1.9169994216358508
-1.7710668481354848,0.3990356250519118,-1.2748402293258203,-0.3679956837109042
0.30341352861029414,-0.4027311416167757,0.6140770861094804,-1.098795035427825
-0.3038068667710102,-0.9395428253852594,-0.8932342060621875,-0.9293283602032858
0.8920836317975833,0.1332667497207112,0.5640465502704968,0.8986394565006329
-1.802119447351324,1.9535283792593257,1.4631646630092972,-1.4796193887448292
-1.361927183817627,1.1204475091702868,-1.1439975909123987,1.4158711621264115
-2.8421401639600745,0.9003409705294094,0.511093667466967,-3.7312873197973566
-1.1035721807361658,-0.34055224653746574,-0.9733218404302809,-1.0396245260771924
-0.7829384508441157,0.471564846233952,-0.9409406919142628,0.9025817591613133
-0.6042799810572135,-0.5870700948120973,-0.6413540128556925,-1.1389461698714203
-0.965124197597104,-0.2871352014412264,-0.889983604560431,-0.8351739359423423
-0.6412435812898308,0.16461007994835153,-1.8513211950392467,1.865088102426716
-0.4741245838673379,-0.6185566343140122,-0.9177690785543704,-0.593300060135698
-0.6291835238751476,1.4830702182815827,1.1396357852144503,0.040822145647583685
1.4472359974679878,-1.7366161413972965,-0.21835736166759,-0.46506597232695845
-1.0804411515918888,-0.5155337685702185,-1.633535203280995,-0.38552090512789994
-0.8112215979980271,0.6335605832284595,-1.1875242457678692,1.4968427067375156
-1.4176673689302226,1.5328857438289916,1.5263569509852597,-1.7008721385609007
-0.8189711262029219,0.38850234556652063,-1.1342417737559607,0.9668762853679178
-1.119942344501586,0.686869388966538,-1.5518711596261356,1.604030957372846
-0.5968716422463265,0.17045001973735935,-0.8743638962331767,0.5687280709494791
-1.296662524271197,0.35396895168206566,0.34419095655440224,-1.9615023824411688
-1.2306361397967127,0.746229424417353,-0.49623050754273645,0.040312291383172605
0.017225505258499085,1.487498849939941,1.465963207617786,0.6420649257968056
-0.5669047430987464,1.604268535740282,1.899613261519216,-0.7118972991030622
-1.2201929596604264,1.831144405862936,-0.6499243417552525,2.2316096439210846
0.8523229909270919,-1.5531115899332373,-0.2188807911059896,-1.103258269655876
-0.9402163201238272,-1.1111261269420087,-2.059556152679476,-0.6299472292812025
-1.0706683822643799,-0.09436440827301773,-0.007022492430620808,-1.9060261633116835
-1.8128467714530092,0.5920627363965696,-0.6069866465138665,-1.0307361804037676
-0.8266099584802897,-0.9376206843763562,-0.9675181375497779,-1.6734058691863198
1.1578613788841676,0.04682276841158183,1.815861164945039,-0.5912493254411969
-0.4237872300454365,-1.1654139441047453,-0.9727365016093588,-1.420206862599922
-1.1517810545682923,1.460362099147268,-0.5855697428531681,1.5833731073733484
-1.6622934118671429,1.97628534354745,-0.37242900904799325,1.3808630844977796
0.7705064703072873,1.2580625672404366,3.5333785574836702,-1.4623777761339796
-1.5507228031912514,-0.1420350856618693,-1.7220329663703016,-0.35353765013899463
-0.414800050237358,0.378402502116486,-1.319980120451568,1.869866670986396
-2.2921942691044217,0.49106386805999447,-2.268710710513524,0.3514674823335868
-1.023202919202363,1.5970851021064838,-1.1226579188745063,2.797925007966947
-0.8380457014470986,1.3821494023220715,1.4878502268029068,-0.9733932779473456
-1.9197943509901945,2.6004064097965744,1.7067219508990084,-0.8483042770010819
-0.47594841379999814,-1.0048003974930764,-0.7011192806124139,-1.5989545764560396
-2.11844105884163,3.069825723102877,-0.31118957960764826,2.52351953618919
-1.856422596127952,-0.3140713003114517,-2.6441926209278868,0.1395381790320651
-1.142054968407199,-0.8387050332751342,-2.361076763010291,-0.04188770228240046
-1.2029411146470383,-0.6338510005766422,-1.5085413722576255,-0.9751725592586864
-0.9880739553285992,0.8153095411220158,-1.551528500950568,2.0502734688754107
-1.3208739346644691,1.4871442383224727,-1.6141729604608808,2.8081444493814582
-0.43761820525397693,-0.6438806262275718,-0.4418871080599114,-1.25130211208913
-1.5677761082089279,0.12725105151716679,-0.8785018866814365,-1.086400503457705
-2.1673314687484275,1.628913420121897,0.9560370901822768,-1.9447748263071107
-0.6905042805322763,-0.8677579376545533,-1.4136516677119677,-0.6956101385397906
0.585556888061734,-0.10237167732049952,1.8681637520133736,-1.8673778008262307
-0.8514927954120054,-0.43744790346763074,-0.42966542684714326,-1.5709444303933289
-0.6671951831806093,-1.4454824462305365,-1.7617832163936535,-1.2083916094722975
-0.2985222971708955,-0.2823309747649784,-1.3590960242873245,0.9226519228835481
-0.5410527082552896,-0.3798172957669518,-1.5862294812853943,0.6719987951500193
-0.4322248265200856,-1.440687172205404,-1.573449204541971,-1.082512299304054
-0.41228631435162666,0.9119419948860509,1.0291301972688223,-0.47989264133969506
-1.627147426399401,1.391172842539295,1.1509916583943636,-1.7681565245223871
-0.3500140019747357,-1.298818145696361,-1.7320031369716933,-0.46868213132774095
-0.46933781358547055,0.6185361379269068,2.1821951058783084,-2.7301129022539348
1.4572104874734046,-2.7445230438114203,-1.700234800185202,-0.17508555215792376
0.6420751379338663,-0.6104316158318366,1.1935359167307447,-1.7393920651860035
1.2915258014161652,-1.9701645306743008,-0.631911019546983,-0.5564464784544292
1.0289682113851923,-0.6789934565089255,1.0122953095309035,-0.9763937837171012
1.2349750591405335,-0.5054119970049196,1.0476668649799588,-0.37728408489874266
0.2515289458901264,-1.814783616609814,-1.7496592076478454,-0.39380540257565166
0.7505348924723635,-2.670043681452097,-1.5192656659729071,-1.4484222170910752
-1.4041297382259614,1.4101692716869576,-1.0173127285875148,1.6908959238350407
-1.02285833550923,2.288035917609655,2.700928751162905,-1.3530139392230391
-0.7458474309646017,-1.1471535602039435,-1.4376943880375368,-1.2559589377200928
-1.5058961994199525,2.9213858343634342,2.1481509878617437,-0.21757466624282873
-0.2936428868756744,0.8050535390536323,1.833103573296469,-1.6143132805177776
1.3747899429396815,-1.8764175428872456,-0.4514506976034753,-0.5063272020558125
-0.5307086424625196,1.8684650257876927,1.0883242037716712,0.9691119508761334
-1.016200381036211,0.7986784069610207,-1.1448974534591791,1.400338651325027
1.0947641774779793,-1.0047889333276616,0.5104807903362072,-0.7484320668380073
0.0024624866345823726,-0.4230649228774364,0.2675746761406721,-1.1369890635890008
-1.4410730779321335,0.9019415266938989,1.2986737707176454,-2.5558802169945274
-2.3080359065205225,3.001949112828063,-0.140612728692312,1.8511180567276688
-1.3156524749663037,1.1225141805781522,1.2047142813971472,-1.8208015866170535
-0.8053686584679063,0.8338694465307593,0.6505900144899646,-0.7272405365938271
-0.8682773601995514,2.1741370378465086,1.8011994657187986,-0.03624319983760116
-2.755318288221672,2.6135526348315703,1.404691737345454,-1.760489662717648
-1.3667381851717664,1.1820843422565197,1.1810271921709268,-1.7631845442123963
1.813611070844724,-3.0680255745626703,-2.093834476507889,0.3780614915070284
-0.7736510553716706,0.0670400321235063,0.5176442562290575,-1.8712690056989068
-1.0042422440921344,0.2732229687165418,0.4381595806624932,-1.7630542819154604
-2.0195082033619425,-0.31665609642372344,-2.902315678014141,0.23337944504474528
-1.401476063040952,0.391310746811889,-0.7003307581518334,-0.5904012404568051
-1.062732143369121,2.229063414541809,1.6055644173828152,0.02198802919994036
0.7775961099740685,0.5684482696423367,2.6575859484403583,-1.45852610054218
-0.7861048919306101,0.3208806283086289,-1.6686327806917989,1.6529073702685764
1.0486906035348171,-0.9548291649210275,0.604272532874127,-0.8658345091717381
-1.28814323625773,-0.1504092370563146,-1.0593117198224051,-0.876128788052536
0.10290132222387592,-1.27632428462979,-0.061115113941475514,-2.048550675356532
-0.2811998824533272,-0.36201249350486864,-1.7371646638542004,1.3408902833518224
-1.1046573115969465,0.21653702049676113,0.8005667701119528,-2.5406824831631845
-0.7435291658566889,-0.9254431084091006,-1.613669287416709,-0.6037556527341319
1.1286757956115792,-1.999819779600172,-0.8022032169900177,-0.6350560689252485
-1.7512374430802011,2.128986846315213,-0.3429702273572647,1.4697408358370438
-1.2338726488250813,-0.12602836905607392,-1.1191126292632756,-0.6592311799515416
-1.144963765889791,0.36708344665599274,0.14432309189497916,-1.4083332539642854
-1.1487314964169628,-0.2239553751048384,-1.3181699118316828,-0.4160562702776407
-1.3573273790795735,1.404208777803826,-0.7634175946981462,1.3980100914926679
-1.147317346947215,0.9921817808207677,-1.069985882928642,1.4298958349510427
-2.199222195711397,1.8408442336101345,0.9822413801472024,-1.6514232146300922
-0.8542104721479882,0.4424161131301175,-1.056590939731715,0.8970594878762379
-0.6106448583162734,-0.5025652649439312,-1.0139084977134896,-0.4709064217491017
-1.694886683434767,2.1721029592205725,0.09309748906371705,1.0237756981680295
-0.18210927508813193,0.8057563845584956,1.158351317733463,-0.47859464515491007
-0.9247327747158324,-0.7508172408835116,-1.786099542903001,-0.34072946714877506
-1.417055441896174,0.3142243379826686,-0.4399089913761818,-1.1225309325739075
-0.5731958114432837,1.1205275059855049,0.9403818132177028,-0.24065092442905375
1.4895206264602698,-2.38571399444456,-1.1586221697299832,-0.2397140654239525
-0.510000229111164,-1.050317753998645,-1.035362789132236,-1.2647164335738195
-0.840284235637191,0.6480693660540737,-1.46440001045808,1.8665180947405624
-1.4492956375820043,-0.5081578909894944,-2.011006649511378,-0.44071767389822625
-2.7038112608665594,4.182856893057478,0.4538094984860224,2.4970953063817376
-0.9767633149481889,0.48543195183240245,0.6986109148323674,-1.7031040338954062
-0.7053674463042463,-0.9906376707793864,-1.6665915140409222,-0.58443682801206
1.0430041126617164,-1.38157552191136,-0.030275093887984997,-0.7491588811018096
1.5719616894761603,-2.4597113261208774,-1.139026269079462,-0.26645913009360955
-0.3836894380045575,-0.4042467048073228,-1.5218047871609404,0.7935495901464562
-0.1938388394012731,1.5164602819612485,1.8778102461420236,-0.23125610673249483
-0.9988292659506572,1.8116117507413485,1.8949379372432655,-1.035472210156461
-0.9016349034351872,0.8865036513944697,-1.156164737149455,1.7614866894645531
-1.8268883919199668,2.280729479543617,1.770184212971794,-1.3631451706169908
-2.2460783573788934,2.2292312157973786,1.0564530735677171,-1.1319044066380104
-1.755775992846324,0.2745681139068367,-1.0895277818226472,-0.8292348064694122
-1.0343722815638468,1.0869557509137244,-0.8145959436236504,1.4244781835152875
-0.8386109230934397,-0.4363777435656344,-1.2677507896142988,-0.3648228437178934
1.0932625511997982,-0.37104290578371335,1.4699026493195575,-0.9620298804471069
-1.0177412410349989,0.17579476219163342,-1.418602767412202,0.6604955598923774
-1.7261546673206456,0.4769132773244306,-1.4184770478869295,0.0485139024418233
-0.5686446875525235,-0.1608722664033684,0.3377435085355036,-1.6942072950012703
-0.6379193361222912,-0.41645202896159866,-0.7762376217187937,-0.6955579981489297
2.14793055544676,-2.3828622599557265,-1.3395210702037819,1.094340079466671
-0.3619501619539169,1.484756536533312,1.1613815816262087,0.4488815852675512
-0.781194006298155,0.4862734829486873,-1.3514742072445531,1.5115424525943246
-1.4266232036965625,1.5295806363899132,-0.2567662003620088,0.7959302458921536
-0.7696085083730773,-0.4773497271253364,-1.211607094224059,-0.4054956800458638
-1.05280253313646,-0.20192100561049217,-0.7692878875786163,-0.9947919270333344
-0.6805608235984555,-0.22972682636055128,-1.0693002149926094,-0.014475764313053528
-0.6795071997866826,-1.0887229845826671,-1.903761864197668,-0.38439650806020326
-2.67638697234523,1.6184788923945197,1.0428709562534528,-2.916191793022726
1.0468920471621475,-0.5688324214172876,1.0309382988477471,-0.7747482068831386
-0.04242118304344822,-0.8617515765772713,-1.378566288475332,0.3223765621760816
0.7696894549102121,-0.9999750480419896,0.6514634654153506,-1.4688092869606395
-2.840868461235244,1.7714190284427247,1.6649151240330704,-3.786642259095129
1.2182004024355884,-2.784862819572014,-1.689785144598534,-0.6523148397376491
1.4587367441396903,-1.8340347874677148,-0.4045005929736469,-0.35927449967638325
-1.4843993563381848,2.049061476268432,1.4197061092314636,-0.7278803304797915
-0.9620963474776025,0.7953338570586523,-1.4681325722530738,1.9388550642570284
0.6750256994427,1.6508440550915475,3.9504810977807128,-1.4982965483647988
0.7069717658534038,0.2964181471902695,2.2017504530807086,-1.4209085196317075
-0.8239120239785255,-0.6228637199006529,-1.1869897947254384,-0.7913112499493047
-0.8426017378047129,-0.036487087670030754,-0.956538186478012,-0.08925123074442709
1.675583767542464,-0.717140013151387,0.8622117913842468,0.2209607811637564
-1.1718625491461427,-0.4585128116933248,-1.3751532812081084,-0.7964869698042366
-0.869359944772227,-0.002161105831975665,-1.2850074216121077,0.392771904793373
0.2525954834022459,-1.4573468557308065,-2.140341055312427,0.8043377856896835
-0.29633831579317593,-0.24684403373910507,-1.2773265110029128,0.8747945459589129
0.04388886543008841,-1.0218115651947075,-1.912794081979288,0.9285486651575842
1.7497600033411047,-2.7190250724132126,-1.566765650949633,0.15948155891415847
-0.18003264176285427,-0.6038893127410134,-1.9405515889419411,1.3566087599826746
-1.6452913021932472,2.3814139178661287,2.1336499309016825,-1.3985429724630716
0.4802960112316433,0.5911298546407708,2.7147136068543114,-1.9829981197583124
0.5372709092826172,0.8517557028176908,1.3145345960256944,0.5568283454192121
-0.9317352347202433,1.5361967649542008,1.2035231708733598,-0.44683012090079127
-1.517221062615977,-0.4363816377085624,-1.861342145822148,-0.6332697420823163
-0.523399574569304,0.3318670920792827,0.03423254069967607,-0.30299899382609585
0.9783427844724016,-1.0146068800542207,0.5169042556284716,-0.965035223992864
-1.8815157694666236,2.041277380443625,1.973940339570398,-2.171865583769816
-2.120432437334862,1.0763577911959243,-0.7480893505704739,-0.4593277742628873
-1.8781193593228616,-0.5397070042814665,-3.3006948396144,0.623926982671096
-1.1376061466592369,0.2338033021581837,-0.25161732832481665,-1.0778083024260312
0.6838559786604232,-0.7168500612716721,0.9220465545287587,-1.4799766721357603
1.640359258459744,-2.080336090159169,-0.7740570575850819,0.014235983624679927
-2.791427200473757,1.1201842821755634,0.4558141441321092,-3.173940811288055
-1.8894782153392544,2.561092767512729,-0.4576338613900006,2.1857817381998226
0.1777490746960475,1.98887590377708,1.8888471173148464,1.211309493068088
-0.9575834287950716,-0.8584222976881423,-1.6361247094765827,-0.800151924780219
0.40701793272744646,1.252802021133092,3.507238098558469,-2.0276228470279207
-1.425007267315109,-0.6129057307863962,-2.3930808946749886,-0.0506884947660754
1.4326899276778449,-2.784664687923421,-1.5613251542028097,-0.48359408944225424
1.005753078671244,1.0068505097972824,3.053872284486752,-0.8550697027970705
-0.19134909846234527,-0.5177698389361185,-1.7746464323256228,1.2593045874738182
-0.8708556386903593,1.350441698897102,1.4959553560317351,-1.0955353627058586
-1.634820748378591,0.3458757504454353,-0.9878003938722217,-0.6469907059432973
-1.2330029402667284,1.1952848371651048,0.6609323986502897,-0.7870611866637398
-0.7448543825146019,0.3856121847072237,1.1152616121475059,-2.09328332666773
-1.3399339349598722,1.3236290709037568,-0.7302684970872841,1.2341972291012455
-0.4535892153329324,1.315897109025398,1.036225989101819,0.1715195011832369
0.36699941713826223,-1.9886380497516043,-2.1367395073211854,0.027286516465511168
-1.5858017637666708,-0.076614723422119,-1.46103757307898,-0.6611750908859892
0.9616982127783203,-1.6381266566668284,-0.1377316106545936,-1.1928642315381053
-0.0419652314999126,1.5247678729412857,1.58415808815648,0.44592825279275367
-1.5086285756571085,-0.15686990853425242,-1.6444153710210023,-0.42124600810423696
-1.5126782679582162,-0.7463758121740829,-2.760740502531738,0.08462587982522883
-0.42121452852632096,-0.7556444408067493,-1.1969486667807812,-0.3602123191728348
-0.7702269800729447,0.11566098677280919,-0.9086823839491601,0.23568189691141092
0.8942907705039178,0.8164514878690723,2.9743278901393,-1.2680052851473267
-0.5629915294248542,0.8222426573012672,1.3943099030502564,-1.4029911084299576
-0.67554048542111,-0.7789623435709663,-1.241653111045057,-0.7538395490985874
-1.6997640167972243,2.489135193105854,1.9033587465324369,-0.9679008588610902
-1.5179718267167308,1.7374229075830183,0.0014269418916590393,0.6574452366122663
-1.6547205452022768,0.2647118146505344,-0.6401362948524099,-1.3166874544316596
-0.7111979364718544,0.23663805480389327,-1.783205238904924,1.7848101845366886
-0.06566698618477285,-1.0709738462135547,-1.6096451588091536,0.2332493447619456
1.4635985329291759,-1.7599061131982832,-0.31981408663765865,-0.3371705809133465
-0.30486257301513275,-1.0632479639928232,-0.1469282904406631,-2.2078408916810845
-1.304331196004604,2.554930821428509,1.1926300373204093,0.7989324960628893
-0.6763870457996274,0.5452516548998638,-1.7378971003072738,2.3343716658320925
-1.1540625383707144,0.597432245781097,0.640070088779171,-1.7074804554981269
-1.147052116547176,0.8746939459290246,1.2491627528406195,-2.0557452136292143
1.1039334170482646,-0.2747623731486537,1.362247674759595,-0.6189476111174936
0.8635780256665408,-0.7610206582024375,0.7808381586726518,-1.0672779120228295
-1.3800850116094852,0.31966271697183646,-0.6369299032548368,-0.7742911681273456
1.5720852705977904,-1.6851417922580951,-0.29822709341259723,-0.05587973746001784
1.0963344021925083,-1.4819655159702878,-0.05110452675072108,-0.813911742527048
-0.5998586707076362,0.33296803614488646,-1.3169391641709516,1.481872007154448
-1.3737893651661737,0.005473018685083941,-0.8163203615873346,-1.0775953070263973
0.800055316184072,-0.9791918466551905,0.7544264447138941,-1.5271641367883928
1.1964883081968627,-0.7199041152158453,0.9922383550609593,-0.7487472492782867
1.3220403518080834,-1.8934010017495653,-0.5274929449854542,-0.51561936676277
1.5542864326493784,-2.2910001229694696,-1.0719938113847771,-0.08554196170683603
-0.606970897651764,-0.8589356722283814,-0.7393042988662589,-1.4955211064467624
-0.6960403100569807,1.4055533794588877,1.2214813646346847,-0.3235813484463754
-1.1433868566785597,2.1018593103900622,2.1984983728178538,-1.1760945718063485
-1.3166710372200896,-0.42024301111357126,-1.8891847510807092,-0.23785485878161283
-0.9495359798775965,-0.12073677252677097,-0.22972896764995157,-1.4416897721436497
1.050528965530432,-0.4161044721109657,1.328513812824219,-0.9133921213621312
-0.37866854201713623,-0.763088875010231,-1.2758108829721286,-0.19293696604161603
0.9096693450829533,0.017797814037184244,1.8679005364978156,-1.1217518361194592
-1.8387696647014369,0.40320840492483473,-1.4014165500974298,-0.2921581533448758
-0.9565317896961528,0.4811533331936083,-1.2941987500211327,1.1355613288765907
1.4166360516946694,-2.6666881341440085,-1.2388601543664368,-0.7521764845739125
1.0322182434076248,-0.2395643068844202,1.7075758186548256,-1.1599021625891672
-0.30324536810826097,-1.3976497322904526,-1.7104488188642888,-0.6011583830365416
-1.0967778802611072,1.2918967222288416,-0.9412785016592832,1.8713074418739248
1.1103334000161542,-1.088375114789836,0.5043853973882833,-0.8652388789737929
-2.020760556362424,1.0222604813482443,-0.4643078506204951,-0.7950473336153728
1.0678001188745228,-1.7321845992463387,-0.35322513867203814,-0.8853289128716109
-1.8468909899835704,0.5482125979925411,0.420232786562015,-2.6155561749551306
-1.8306680002033444,2.1164531177353347,1.7692175542696038,-1.6643130828463129
-0.13198497789050345,-1.1495464359845031,-1.4033323775742568,-0.3078999250012413
-0.2939250990659753,0.6547136513950296,1.3654154676921904,-1.2257307340098405
1.0441972645721336,-0.13079982369646115,1.5525829599474004,-0.7253343472567182
-1.3223145291903808,1.8037100365630576,-0.7075843239432851,2.097011664721676
0.9168088921895384,0.43930723839059455,2.469338568703935,-1.1987629395027324
-0.6055402296387304,-1.933415958111704,-2.6310612305801904,-0.760918520829959
-0.9018547113413871,-0.7157115348844966,-1.2918498528925668,-0.9378623425034538
0.7819247110340333,-0.262796782687174,1.4406150023330295,-1.233024680687406
-0.5110748966974762,-0.6806625492237307,-0.6421340968506748,-1.1547259265995726
0.5535111869867086,0.7778984715350958,2.913899645742499,-1.8078801189232736
-0.6733103441208219,0.24557879210163705,-1.129489958937038,0.9398164824523597
0.986277650962256,-1.6680740485827834,-0.29177130652725913,-0.9893467146720071
-1.443036428241323,2.161068257949572,1.5793577274811363,-0.683760351719852
-1.7175600411510312,0.5443447946595795,-0.5336496379904914,-1.0649965192137438
-0.2066102278987172,0.3392660611128254,0.1659862943582462,0.04085999866587686
